name1,path1,def_line1,name2,path2,def_line2,fine_grained_label,alias_type
children_to_wait_for,git/run-command.c,34,p->next,git/run-command.c,37,1,1.0
p->next,git/run-command.c,37,p,git/run-command.c,37,1,1.0
p,git/run-command.c,63,children_to_wait_for,git/run-command.c,34,1,1.0
p,git/run-command.c,63,p,git/run-command.c,37,1,1.0
p,git/run-command.c,63,p->next,git/run-command.c,37,1,1.0
children_to_wait_for,git/run-command.c,34,p->next,git/run-command.c,63,1,1.0
p,git/run-command.c,37,p->next,git/run-command.c,63,1,1.0
p->next,git/run-command.c,37,p->next,git/run-command.c,63,1,1.0
p,git/run-command.c,63,p->next,git/run-command.c,63,1,1.0
p->process,git/run-command.c,88,process,git/run-command.c,86,1,1.0
p->next,git/run-command.c,88,p,git/run-command.c,88,1,1.0
pp,git/run-command.c,103,&(*pp)->next,git/run-command.c,103,1,2.0
clean_me,git/run-command.c,106,*pp,git/run-command.c,103,1,2.0
clean_me,git/run-command.c,106,clean_me->next,git/run-command.c,106,1,3.0
*pp,git/run-command.c,103,clean_me->next,git/run-command.c,106,1,2.0
p,git/run-command.c,183,end+1,git/run-command.c,190,1,2.0
out->v[1],git/run-command.c,404,program,git/run-command.c,430,1,1.0
p,git/run-command.c,450,deltaenv,git/run-command.c,444,1,1.0
e,git/run-command.c,589,deltaenv,git/run-command.c,586,1,1.0
cmd.argv,git/run-command.c,1036,argv,git/run-command.c,1033,1,1.0
cmd.dir,git/run-command.c,1036,dir,git/run-command.c,1033,1,1.0
cmd.env,git/run-command.c,1036,env,git/run-command.c,1034,1,1.0
cmd.trace2_child_class,git/run-command.c,1036,tr2_class,git/run-command.c,1034,1,1.0
async,git/run-command.c,1059,data,git/run-command.c,1057,1,1.0
hook.env,git/run-command.c,1356,env,git/run-command.c,1354,1,1.0
hook.trace2_hook_name,git/run-command.c,1356,name,git/run-command.c,1354,1,1.0
pp->data,git/run-command.c,1611,data,git/run-command.c,1616,1,1.0
refs,git/send-pack.c,59,refs->next,git/send-pack.c,59,1,1.0
head,git/send-pack.c,170,reader->line,git/send-pack.c,158,1,1.0
report,git/send-pack.c,162,hint->report,git/send-pack.c,160,1,1.0
report,git/send-pack.c,162,report->next,git/send-pack.c,162,1,1.0
key,git/send-pack.c,185,p,git/send-pack.c,172,1,1.0
val,git/send-pack.c,185,p,git/send-pack.c,172,1,1.0
refname,git/send-pack.c,171,p,git/send-pack.c,172,1,1.0
fd,git/send-pack.c,269,data,git/send-pack.c,267,1,1.0
sb,git/send-pack.c,279,cb,git/send-pack.c,277,1,1.0
ref,git/send-pack.c,342,remote_refs,git/send-pack.c,337,1,1.0
ref,git/send-pack.c,342,ref->next,git/send-pack.c,342,1,1.0
cp,git/send-pack.c,345,cert.buf,git/send-pack.c,346,1,1.0
cp,git/send-pack.c,345,np,git/send-pack.c,345,1,1.0
ref,git/send-pack.c,421,remote_refs,git/send-pack.c,417,1,1.0
ref,git/send-pack.c,421,ref->next,git/send-pack.c,421,1,1.0
ref,git/send-pack.c,471,remote_refs,git/send-pack.c,463,1,1.0
ref,git/send-pack.c,471,ref->next,git/send-pack.c,471,1,1.0
demux.proc,git/send-pack.c,487,sideband_demux,git/send-pack.c,267,1,1.0
demux.data,git/send-pack.c,487,fd,git/send-pack.c,462,1,1.0
opts,git/sequencer.c,173,cb,git/sequencer.c,171,1,1.0
p,git/sequencer.c,318,buf.buf,git/sequencer.c,313,1,1.0
p,git/sequencer.c,318,eol+1,git/sequencer.c,320,1,2.0
ce,git/sequencer.c,596,istate->cache[i++],git/sequencer.c,582,1,1.0
istate,git/sequencer.c,696,r->index,git/sequencer.c,692,1,1.0
message,git/sequencer.c,720,eol+1,git/sequencer.c,723,1,2.0
buf,git/sequencer.c,771,np+(*np=='\n'),git/sequencer.c,775,1,2.0
eol,git/sequencer.c,1041,nl-sb->buf,git/sequencer.c,1042,1,2.0
eol,git/sequencer.c,1041,sb,git/sequencer.c,1039,1,1.0
start,git/sequencer.c,1095,sb->buf,git/sequencer.c,1091,1,1.0
proc.argv,git/sequencer.c,1150,argv,git/sequencer.c,1151,1,1.0
arg2,git/sequencer.c,1199,commit,git/sequencer.c,1196,1,1.0
*head,git/sequencer.c,1339,current_head,git/sequencer.c,1341,1,2.0
msg,git/sequencer.c,1372,&commit_msg,git/sequencer.c,1381,1,2.0
author,git/sequencer.c,1372,amend_author,git/sequencer.c,1382,1,1.0
first_parent,git/sequencer.c,1427,current_head,git/sequencer.c,1377,1,1.0
first_parent,git/sequencer.c,1427,current_head->parents->item,git/sequencer.c,1377,1,1.0
parent,git/sequencer.c,1610,commit->parents->item,git/sequencer.c,1602,1,1.0
s,git/sequencer.c,1755,str,git/sequencer.c,1753,1,1.0
s,git/sequencer.c,1796,next,git/sequencer.c,1805,1,1.0
start,git/sequencer.c,1796,s,git/sequencer.c,1796,1,1.0
start,git/sequencer.c,1796,next,git/sequencer.c,1805,1,1.0
copy_lines,git/sequencer.c,1794,add_commented_lines,git/sequencer.c,1753,1,1.0
bol,git/sequencer.c,2006,buf.buf,git/sequencer.c,1999,1,1.0
bol,git/sequencer.c,2006,eol+1,git/sequencer.c,2006,1,2.0
commit,git/sequencer.c,2063,item->commit,git/sequencer.c,2049,1,1.0
p,git/sequencer.c,2096,commit->parents,git/sequencer.c,2063,1,1.0
p,git/sequencer.c,2096,p->next,git/sequencer.c,2096,1,1.0
parent,git/sequencer.c,2056,p->item,git/sequencer.c,2096,1,1.0
parent,git/sequencer.c,2056,commit->parents->item,git/sequencer.c,2063,1,1.0
base,git/sequencer.c,2056,commit,git/sequencer.c,2063,1,1.0
base,git/sequencer.c,2056,item->commit,git/sequencer.c,2049,1,1.0
base_label,git/sequencer.c,2057,msg.label,git/sequencer.c,2059,1,1.0
next,git/sequencer.c,2056,parent,git/sequencer.c,2056,1,1.0
next,git/sequencer.c,2056,commit->parents->item,git/sequencer.c,2063,1,1.0
next_label,git/sequencer.c,2057,msg.parent_label,git/sequencer.c,2059,1,1.0
base,git/sequencer.c,2056,parent,git/sequencer.c,2056,1,1.0
base,git/sequencer.c,2056,commit->parents->item,git/sequencer.c,2063,1,1.0
base_label,git/sequencer.c,2057,msg.parent_label,git/sequencer.c,2059,1,1.0
next,git/sequencer.c,2056,commit,git/sequencer.c,2063,1,1.0
next,git/sequencer.c,2056,item->commit,git/sequencer.c,2049,1,1.0
next_label,git/sequencer.c,2057,msg.label,git/sequencer.c,2059,1,1.0
msg_file,git/sequencer.c,2054,dest,git/sequencer.c,2203,1,1.0
p,git/sequencer.c,2384,*bol+1,git/sequencer.c,2380,1,2.0
*bol,git/sequencer.c,2380,p,git/sequencer.c,2384,1,2.0
*bol,git/sequencer.c,2380,*bol+1,git/sequencer.c,2380,1,3.0
item,git/sequencer.c,2392,bol-buf,git/sequencer.c,2393,1,2.0
end_of_object_name,git/sequencer.c,2396,"(char*)bol+strcspn(bol,"" \t\n"")",git/sequencer.c,2393,1,2.0
bol,git/sequencer.c,2393,"end_of_object_name+strspn(end_of_object_name,"" \t"")",git/sequencer.c,2396,1,2.0
bol,git/sequencer.c,2494,"buf.buf+strspn(buf.buf,"" \t\r\n"")",git/sequencer.c,2495,1,2.0
p,git/sequencer.c,2523,buf,git/sequencer.c,2519,1,1.0
p,git/sequencer.c,2523,next_p,git/sequencer.c,2523,1,1.0
p,git/sequencer.c,2523,eol,git/sequencer.c,2529,1,1.0
next_p,git/sequencer.c,2523,eol,git/sequencer.c,2529,1,1.0
item,git/sequencer.c,2522,p-todo_list->buf.buf,git/sequencer.c,2523,1,2.0
item,git/sequencer.c,2522,p-buf,git/sequencer.c,2523,1,2.0
opts,git/sequencer.c,2745,data,git/sequencer.c,2743,1,1.0
strategy_opts_string,git/sequencer.c,2797,raw_opts,git/sequencer.c,2794,1,1.0
arg,git/sequencer.c,2805,opts->xopts[i],git/sequencer.c,2794,1,1.0
item->commit,git/sequencer.c,2996,commit,git/sequencer.c,2988,1,1.0
child_argv[0],git/sequencer.c,3481,command_line,git/sequencer.c,3478,1,1.0
unpack_tree_opts.src_index,git/sequencer.c,3634,r->index,git/sequencer.c,3625,1,1.0
unpack_tree_opts.dst_index,git/sequencer.c,3634,r->index,git/sequencer.c,3625,1,1.0
tail,git/sequencer.c,3749,&to_merge,git/sequencer.c,3749,1,2.0
strategy,git/sequencer.c,3750,opts->strategy,git/sequencer.c,3743,1,1.0
p,git/sequencer.c,3758,arg,git/sequencer.c,3742,1,1.0
oneline_offset,git/sequencer.c,3756,p-arg,git/sequencer.c,3758,1,2.0
merge_arg_len,git/sequencer.c,3756,p-arg,git/sequencer.c,3758,1,2.0
p,git/sequencer.c,3832,commit->parents->next,git/sequencer.c,3741,1,1.0
j,git/sequencer.c,3748,to_merge,git/sequencer.c,3749,1,1.0
j,git/sequencer.c,3748,j->next,git/sequencer.c,3748,1,1.0
p,git/sequencer.c,3832,p->next,git/sequencer.c,3832,1,1.0
p,git/sequencer.c,3758,arg+oneline_offset,git/sequencer.c,3742,1,2.0
p,git/sequencer.c,3758,buf.buf,git/sequencer.c,3880,1,1.0
merge_commit,git/sequencer.c,3747,to_merge->item,git/sequencer.c,3749,1,1.0
j,git/sequencer.c,3748,bases,git/sequencer.c,3748,1,1.0
o.branch2,git/sequencer.c,3755,ref_name.buf,git/sequencer.c,3746,1,1.0
item,git/sequencer.c,4296,todo_list->items+todo_list->current,git/sequencer.c,4278,1,2.0
commit,git/sequencer.c,4354,item->commit,git/sequencer.c,4296,1,1.0
end_of_arg,git/sequencer.c,4396,arg+item->arg_len,git/sequencer.c,4297,1,2.0
item.commit,git/sequencer.c,4822,cmit,git/sequencer.c,4818,1,1.0
label,git/sequencer.c,4993,p,git/sequencer.c,5020,1,1.0
label,git/sequencer.c,4993,buf->buf,git/sequencer.c,5045,1,1.0
tail,git/sequencer.c,5115,&commits,git/sequencer.c,5115,1,2.0
tips_tail,git/sequencer.c,5116,&tips,git/sequencer.c,5116,1,2.0
oid,git/sequencer.c,5137,&revs->cmdline.rev[0].item->oid,git/sequencer.c,92,1,2.0
to_merge,git/sequencer.c,5154,to_merge->next,git/sequencer.c,5154,1,1.0
oid,git/sequencer.c,5156,&to_merge->item->object.oid,git/sequencer.c,92,1,2.0
iter,git/sequencer.c,5115,commits,git/sequencer.c,5115,1,1.0
iter,git/sequencer.c,5115,iter->next,git/sequencer.c,5115,1,1.0
parent,git/sequencer.c,5235,iter->item->parents,git/sequencer.c,5115,1,1.0
parent,git/sequencer.c,5235,parent->next,git/sequencer.c,5235,1,1.0
oid,git/sequencer.c,5237,&parent->item->object.oid,git/sequencer.c,92,1,2.0
iter,git/sequencer.c,5115,tips,git/sequencer.c,5116,1,1.0
commit,git/sequencer.c,5117,iter->item,git/sequencer.c,5115,1,1.0
commit,git/sequencer.c,5117,commit->parents->item,git/sequencer.c,5117,1,1.0
iter2,git/sequencer.c,5259,list,git/sequencer.c,5259,1,1.0
iter2,git/sequencer.c,5259,iter2->next,git/sequencer.c,5259,1,1.0
oid,git/sequencer.c,5307,&iter2->item->object.oid,git/sequencer.c,92,1,2.0
todo_list->items,git/sequencer.c,5401,items,git/sequencer.c,5407,1,1.0
item,git/sequencer.c,5471,todo_list->items,git/sequencer.c,5468,1,1.0
item,git/sequencer.c,5554,todo_list->items+i,git/sequencer.c,5547,1,2.0
parent_oid,git/sequencer.c,5550,&item->commit->parents->item->object.oid,git/sequencer.c,92,1,2.0
item,git/sequencer.c,5747,todo_list->items+i,git/sequencer.c,5723,1,2.0
"*commit_todo_item_at(&commit_todo,item->commit)",git/sequencer.c,5706,item,git/sequencer.c,5747,1,2.0
"*commit_todo_item_at(&commit_todo,item->commit)",git/sequencer.c,5706,todo_list->items+i,git/sequencer.c,5723,1,3.0
i2,git/sequencer.c,5750,"*commit_todo_item_at(&commit_todo,commit2)-todo_list->items",git/sequencer.c,5706,1,2.0
todo_list->items,git/sequencer.c,5723,items,git/sequencer.c,5729,1,1.0
path0,git/setup.c,32,path,git/setup.c,28,1,1.0
orig,git/setup.c,100,path,git/setup.c,98,1,1.0
arg,git/setup.c,150,to_free,git/setup.c,152,1,1.0
p,git/setup.c,211,arg,git/setup.c,209,1,1.0
data,git/setup.c,437,vdata,git/setup.c,435,1,1.0
data,git/setup.c,507,vdata,git/setup.c,505,1,1.0
dir,git/setup.c,732,buf+8,git/setup.c,731,1,2.0
buf,git/setup.c,731,dir,git/setup.c,732,1,1.0
buf,git/setup.c,731,buf+8,git/setup.c,731,1,2.0
path,git/setup.c,727,realpath.buf,git/setup.c,737,1,1.0
gitdirenv,git/setup.c,802,gitfile,git/setup.c,809,1,1.0
gitdir,git/setup.c,901,to_free,git/setup.c,911,1,1.0
empty_entry_found,git/setup.c,1006,cb_data,git/setup.c,1004,1,1.0
ceil,git/setup.c,1007,item->string,git/setup.c,1003,1,1.0
ceil,git/setup.c,1007,real_path,git/setup.c,1018,1,1.0
item->string,git/setup.c,1003,real_path,git/setup.c,1018,1,1.0
startup_info->prefix,git/setup.c,14,prefix,git/setup.c,1210,1,1.0
fmt,git/setup.c,1392,&repo_fmt,git/setup.c,1394,1,2.0
path,git/shallow.c,59,r->parsed_objects->alternate_shallow_file,git/shallow.c,55,1,1.0
p,git/shallow.c,129,commit->parents,git/shallow.c,123,1,1.0
p,git/shallow.c,129,p->next,git/shallow.c,129,1,1.0
commit,git/shallow.c,123,p->item,git/shallow.c,129,1,1.0
p,git/shallow.c,203,not_shallow_list,git/shallow.c,204,1,1.0
p,git/shallow.c,203,p->next,git/shallow.c,203,1,1.0
c,git/shallow.c,239,p->item,git/shallow.c,203,1,1.0
parent,git/shallow.c,240,c->parents,git/shallow.c,239,1,1.0
parent,git/shallow.c,240,parent->next,git/shallow.c,240,1,1.0
p,git/shallow.c,203,result,git/shallow.c,203,1,1.0
o,git/shallow.c,260,&p->item->object,git/shallow.c,30,1,2.0
data,git/shallow.c,290,cb_data,git/shallow.c,288,1,1.0
data.out,git/shallow.c,320,out,git/shallow.c,316,1,1.0
info->shallow,git/shallow.c,449,sa,git/shallow.c,449,1,1.0
oid,git/shallow.c,482,info->shallow->oid,git/shallow.c,480,1,1.0
info->pools[info->pool_count-1],git/shallow.c,506,info->free,git/shallow.c,506,1,2.0
info->end,git/shallow.c,506,info->free+POOL_SIZE,git/shallow.c,506,1,2.0
p,git/shallow.c,510,info->free,git/shallow.c,506,1,1.0
*refs,git/shallow.c,554,bitmap,git/shallow.c,541,1,2.0
p,git/shallow.c,552,c->parents,git/shallow.c,553,1,1.0
p,git/shallow.c,552,p->next,git/shallow.c,552,1,1.0
oid,git/shallow.c,630,info->shallow->oid,git/shallow.c,627,1,1.0
ref,git/shallow.c,631,info->ref,git/shallow.c,627,1,1.0
ca,git/shallow.c,712,cb_data,git/shallow.c,710,1,1.0
oid,git/shallow.c,738,info->shallow->oid,git/shallow.c,734,1,1.0
si->commits,git/shallow.c,793,ca.commits,git/shallow.c,800,1,1.0
b,git/sideband.c,125,buf+1,git/sideband.c,119,1,2.0
b,git/sideband.c,125,brk+1,git/sideband.c,125,1,2.0
p,git/sideband.c,256,data,git/sideband.c,254,1,1.0
b1,git/stable-qsort.c,13,b,git/stable-qsort.c,8,1,1.0
tmp,git/stable-qsort.c,12,t,git/stable-qsort.c,10,1,1.0
*arg,git/strbuf.c,25,def,git/strbuf.c,25,1,2.0
*arg,git/strbuf.c,25,p+1,git/strbuf.c,27,1,2.0
res,git/strbuf.c,71,sb->buf,git/strbuf.c,69,1,1.0
sb->buf,git/strbuf.c,80,buf,git/strbuf.c,80,1,1.0
sb,git/strbuf.c,80,len,git/strbuf.c,80,1,1.0
sb,git/strbuf.c,80,alloc,git/strbuf.c,80,1,1.0
b,git/strbuf.c,134,sb->buf,git/strbuf.c,132,1,1.0
p,git/strbuf.c,161,sb->buf,git/strbuf.c,159,1,1.0
end,git/strbuf.c,161,sb->buf+sb->len,git/strbuf.c,159,1,2.0
len,git/strbuf.c,174,end-str+1,git/strbuf.c,176,1,2.0
s,git/strbuf.c,210,sbs,git/strbuf.c,208,1,1.0
next,git/strbuf.c,346,size,git/strbuf.c,342,1,1.0
prefix,git/strbuf.c,345,prefix1,git/strbuf.c,340,1,1.0
buf,git/strbuf.c,342,next,git/strbuf.c,346,1,1.0
buf,git/strbuf.c,342,size,git/strbuf.c,342,1,1.0
format,git/strbuf.c,409,percent+1,git/strbuf.c,413,1,2.0
e,git/strbuf.c,460,context,git/strbuf.c,458,1,1.0
fmt,git/strbuf.c,997,percent+1,git/strbuf.c,1012,1,2.0
fmt,git/strbuf.c,997,munged_fmt.buf,git/strbuf.c,1000,1,1.0
path,git/strbuf.c,1157,path2,git/strbuf.c,1160,1,1.0
fs,git/streaming.c,90,&(st->u.filtered),git/streaming.c,58,1,2.0
fs,git/streaming.c,151,&(ifs->u.filtered),git/streaming.c,58,1,2.0
fs->upstream,git/streaming.c,151,st,git/streaming.c,147,1,1.0
fs->filter,git/streaming.c,151,filter,git/streaming.c,148,1,1.0
oi.typep,git/streaming.c,401,type,git/streaming.c,397,1,1.0
oi.sizep,git/streaming.c,401,&size,git/streaming.c,399,1,2.0
st->u.in_pack.pack,git/streaming.c,56,oi.u.packed.pack,git/streaming.c,365,1,1.0
st,git/streaming.c,449,nst,git/streaming.c,466,1,1.0
key.cmd,git/sub-process.c,23,cmd,git/sub-process.c,21,1,1.0
entry->cmd,git/sub-process.c,77,cmd,git/sub-process.c,77,1,1.0
process->clean_on_exit_handler,git/sub-process.c,81,subprocess_exit_handler,git/sub-process.c,66,1,1.0
chosen_version,git/sub-process.c,116,&version_scratch,git/sub-process.c,118,1,2.0
e->config,git/submodule-config.c,129,submodule,git/submodule-config.c,125,1,1.0
e.config,git/submodule-config.c,140,submodule,git/submodule-config.c,136,1,1.0
e->config,git/submodule-config.c,153,submodule,git/submodule-config.c,149,1,1.0
key_config.path,git/submodule-config.c,165,path,git/submodule-config.c,160,1,1.0
key.config,git/submodule-config.c,164,&key_config,git/submodule-config.c,165,1,2.0
key_config.name,git/submodule-config.c,185,name,git/submodule-config.c,180,1,1.0
key.config,git/submodule-config.c,184,&key_config,git/submodule-config.c,185,1,2.0
v,git/submodule-config.c,316,opt->value,git/submodule-config.c,313,1,1.0
me,git/submodule-config.c,422,data,git/submodule-config.c,420,1,1.0
parameter.cache,git/submodule-config.c,555,cache,git/submodule-config.c,545,1,1.0
parameter.treeish_name,git/submodule-config.c,555,treeish_name,git/submodule-config.c,546,1,1.0
parameter.gitmodules_oid,git/submodule-config.c,555,&oid,git/submodule-config.c,552,1,2.0
config_source.file,git/submodule-config.c,639,file,git/submodule-config.c,644,1,1.0
config_source.blob,git/submodule-config.c,639,oidstr,git/submodule-config.c,645,1,1.0
repo,git/submodule-config.c,669,data,git/submodule-config.c,667,1,1.0
parameter.cache,git/submodule-config.c,670,repo->submodule_cache,git/submodule-config.c,669,1,1.0
wanted_key,git/submodule-config.c,736,cb_data,git/submodule-config.c,734,1,1.0
config,git/submodule-config.c,778,cb,git/submodule-config.c,776,1,1.0
max_jobs,git/submodule-config.c,806,cb,git/submodule-config.c,804,1,1.0
ce,git/submodule.c,42,istate->cache[pos],git/submodule.c,36,1,1.0
ignore,git/submodule.c,194,submodule->ignore,git/submodule.c,190,1,1.0
ce,git/submodule.c,316,istate->cache[i],git/submodule.c,305,1,1.0
ce,git/submodule.c,341,istate->cache[i],git/submodule.c,335,1,1.0
list,git/submodule.c,448,merge_bases,git/submodule.c,446,1,1.0
list,git/submodule.c,448,list->next,git/submodule.c,448,1,1.0
old_oid,git/submodule.c,647,one,git/submodule.c,644,1,1.0
new_oid,git/submodule.c,647,two,git/submodule.c,644,1,1.0
cp.dir,git/submodule.c,650,path,git/submodule.c,643,1,1.0
me,git/submodule.c,780,data,git/submodule.c,778,1,1.0
changed,git/submodule.c,781,me->changed,git/submodule.c,780,1,1.0
commit_oid,git/submodule.c,782,me->commit_oid,git/submodule.c,780,1,1.0
p,git/submodule.c,786,q->queue[i],git/submodule.c,776,1,1.0
name,git/submodule.c,789,submodule->name,git/submodule.c,788,1,1.0
data.repo,git/submodule.c,848,r,git/submodule.c,827,1,1.0
data.changed,git/submodule.c,848,changed,git/submodule.c,828,1,1.0
data.commit_oid,git/submodule.c,848,&commit->object.oid,git/submodule.c,92,1,2.0
argv,git/submodule.c,880,data,git/submodule.c,878,1,1.0
cb,git/submodule.c,893,data,git/submodule.c,891,1,1.0
cp.dir,git/submodule.c,939,path,git/submodule.c,914,1,1.0
cp.dir,git/submodule.c,979,path,git/submodule.c,961,1,1.0
commits,git/submodule.c,1024,name->util,git/submodule.c,1012,1,1.0
path,git/submodule.c,1026,submodule->path,git/submodule.c,1025,1,1.0
cp.dir,git/submodule.c,1054,path,git/submodule.c,1047,1,1.0
cp.dir,git/submodule.c,1093,path,git/submodule.c,1089,1,1.0
array,git/submodule.c,1172,data,git/submodule.c,1170,1,1.0
commits,git/submodule.c,1211,name->util,git/submodule.c,1191,1,1.0
path,git/submodule.c,1213,submodule->path,git/submodule.c,1212,1,1.0
ret->path,git/submodule.c,1332,name,git/submodule.c,1333,1,1.0
ret->name,git/submodule.c,1332,name,git/submodule.c,1333,1,1.0
spf,git/submodule.c,1410,data,git/submodule.c,1408,1,1.0
ce,git/submodule.c,1413,spf->r->index->cache[spf->count],git/submodule.c,1410,1,1.0
cp->dir,git/submodule.c,1407,task->repo->gitdir,git/submodule.c,1415,1,1.0
*task_cb,git/submodule.c,1408,task,git/submodule.c,1415,1,2.0
task,git/submodule.c,1493,spf->oid_fetch_tasks[spf->oid_fetch_tasks_nr-1],git/submodule.c,1410,1,2.0
cp->dir,git/submodule.c,1407,task->repo->gitdir,git/submodule.c,1493,1,1.0
*task_cb,git/submodule.c,1408,task,git/submodule.c,1493,1,2.0
*task_cb,git/submodule.c,1408,spf->oid_fetch_tasks[spf->oid_fetch_tasks_nr-1],git/submodule.c,1410,1,3.0
spf,git/submodule.c,1528,cb,git/submodule.c,1526,1,1.0
task,git/submodule.c,1529,task_cb,git/submodule.c,1526,1,1.0
subrepo,git/submodule.c,1539,data,git/submodule.c,1537,1,1.0
spf,git/submodule.c,1549,cb,git/submodule.c,1547,1,1.0
task,git/submodule.c,1550,task_cb,git/submodule.c,1547,1,1.0
commits,git/submodule.c,1553,it->util,git/submodule.c,1552,1,1.0
task->commits,git/submodule.c,1550,commits,git/submodule.c,1553,1,1.0
task->commits,git/submodule.c,1550,it->util,git/submodule.c,1552,1,1.0
spf->oid_fetch_tasks[spf->oid_fetch_tasks_nr],git/submodule.c,1549,task,git/submodule.c,1550,1,1.0
spf->oid_fetch_tasks[spf->oid_fetch_tasks_nr],git/submodule.c,1549,task_cb,git/submodule.c,1547,1,1.0
spf.r,git/submodule.c,1610,r,git/submodule.c,1603,1,1.0
spf.prefix,git/submodule.c,1610,prefix,git/submodule.c,1605,1,1.0
git_dir,git/submodule.c,1656,buf.buf,git/submodule.c,1653,1,1.0
cp.dir,git/submodule.c,1652,path,git/submodule.c,1650,1,1.0
cp.dir,git/submodule.c,1731,path,git/submodule.c,1729,1,1.0
cp.dir,git/submodule.c,1770,path,git/submodule.c,1767,1,1.0
cp.dir,git/submodule.c,1842,sub->path,git/submodule.c,1840,1,1.0
cp.dir,git/submodule.c,1860,path,git/submodule.c,1858,1,1.0
error_code_ptr,git/submodule.c,1890,&error_code,git/submodule.c,1890,1,2.0
cp.dir,git/submodule.c,1888,path,git/submodule.c,1882,1,1.0
cp.dir,git/submodule.c,2145,path,git/submodule.c,2096,1,1.0
last_oid,git/tag.c,71,&((structtag*)o)->tagged->oid,git/tag.c,92,1,2.0
o,git/tag.c,90,((structtag*)o)->tagged,git/tag.c,90,1,1.0
dateptr,git/tag.c,112,buf,git/tag.c,110,1,1.0
bufptr,git/tag.c,139,data,git/tag.c,135,1,1.0
tail,git/tag.c,140,bufptr+size,git/tag.c,139,1,2.0
bufptr,git/tag.c,139,nl+1,git/tag.c,141,1,2.0
len,git/trace2/tr2_tgt_perf.c,69,buf->len+TR2FMT_PERF_REPO_WIDTH,git/trace2/tr2_tgt_perf.c,67,1,2.0
s,git/trailer.c,106,str,git/trailer.c,104,1,1.0
new_item->token,git/trailer.c,179,arg_tok->token,git/trailer.c,177,1,1.0
new_item->token,git/trailer.c,179,arg_tok->value,git/trailer.c,177,1,1.0
new_item->value,git/trailer.c,179,arg_tok->value,git/trailer.c,177,1,1.0
arg_tok->token,git/trailer.c,177,arg_tok->value,git/trailer.c,177,1,1.0
next_head,git/trailer.c,204,in_tok->list.next,git/trailer.c,26,1,1.0
arg,git/trailer.c,259,arg_tok->value,git/trailer.c,256,1,1.0
on_tok,git/trailer.c,342,start_tok,git/trailer.c,347,1,1.0
conf,git/trailer.c,516,&item->conf,git/trailer.c,39,1,2.0
c,git/trailer.c,622,line,git/trailer.c,619,1,1.0
*conf,git/trailer.c,645,&item->conf,git/trailer.c,39,1,2.0
new_item->token,git/trailer.c,682,tok,git/trailer.c,679,1,1.0
new_item->value,git/trailer.c,682,val,git/trailer.c,680,1,1.0
new_item->token,git/trailer.c,693,tok,git/trailer.c,689,1,1.0
new_item->value,git/trailer.c,693,val,git/trailer.c,689,1,1.0
s,git/trailer.c,806,str,git/trailer.c,804,1,1.0
s,git/trailer.c,824,buf,git/trailer.c,822,1,1.0
end_of_title,git/trailer.c,825,s-buf,git/trailer.c,824,1,2.0
bol,git/trailer.c,855,buf+l,git/trailer.c,822,1,2.0
p,git/trailer.c,856,git_generated_prefixes,git/trailer.c,50,1,1.0
ptr,git/trailer.c,1089,trailer_lines,git/trailer.c,1089,1,1.0
info->trailer_start,git/trailer.c,1085,str+trailer_start,git/trailer.c,1085,1,2.0
info->trailer_end,git/trailer.c,1085,str+trailer_end,git/trailer.c,1085,1,2.0
info->trailers,git/trailer.c,1085,trailer_strings,git/trailer.c,1090,1,1.0
data,git/transport-helper.c,106,transport->data,git/transport-helper.c,104,1,1.0
data,git/transport-helper.c,117,transport->data,git/transport-helper.c,115,1,1.0
data->helper,git/transport-helper.c,117,helper,git/transport-helper.c,119,1,1.0
capname,git/transport-helper.c,167,buf.buf+1,git/transport-helper.c,118,1,2.0
capname,git/transport-helper.c,167,buf.buf,git/transport-helper.c,118,1,1.0
data,git/transport-helper.c,231,transport->data,git/transport-helper.c,229,1,1.0
data,git/transport-helper.c,316,transport->data,git/transport-helper.c,313,1,1.0
data,git/transport-helper.c,382,transport->data,git/transport-helper.c,379,1,1.0
data,git/transport-helper.c,392,transport->data,git/transport-helper.c,389,1,1.0
posn,git/transport-helper.c,397,to_fetch[i],git/transport-helper.c,390,1,1.0
data,git/transport-helper.c,438,transport->data,git/transport-helper.c,435,1,1.0
data,git/transport-helper.c,460,transport->data,git/transport-helper.c,456,1,1.0
data,git/transport-helper.c,489,transport->data,git/transport-helper.c,485,1,1.0
posn,git/transport-helper.c,491,to_fetch[i],git/transport-helper.c,486,1,1.0
data,git/transport-helper.c,559,transport->data,git/transport-helper.c,557,1,1.0
data,git/transport-helper.c,605,transport->data,git/transport-helper.c,602,1,1.0
data,git/transport-helper.c,640,transport->data,git/transport-helper.c,637,1,1.0
data,git/transport-helper.c,656,transport->data,git/transport-helper.c,653,1,1.0
data,git/transport-helper.c,677,transport->data,git/transport-helper.c,674,1,1.0
state->report,git/transport-helper.c,743,state->hint->report,git/transport-helper.c,743,1,1.0
state->report,git/transport-helper.c,743,state->report->next,git/transport-helper.c,743,1,1.0
key,git/transport-helper.c,751,buf->buf+7,git/transport-helper.c,742,1,2.0
val,git/transport-helper.c,751,p,git/transport-helper.c,752,1,1.0
refname,git/transport-helper.c,746,buf->buf+3,git/transport-helper.c,742,1,2.0
refname,git/transport-helper.c,746,buf->buf+6,git/transport-helper.c,742,1,2.0
state->hint->remote_status,git/transport-helper.c,743,msg,git/transport-helper.c,746,1,1.0
ref,git/transport-helper.c,880,remote_refs,git/transport-helper.c,877,1,1.0
ref,git/transport-helper.c,880,ref->next,git/transport-helper.c,880,1,1.0
report,git/transport-helper.c,881,ref->report,git/transport-helper.c,880,1,1.0
report,git/transport-helper.c,881,report->next,git/transport-helper.c,881,1,1.0
data,git/transport-helper.c,970,transport->data,git/transport-helper.c,964,1,1.0
ref,git/transport-helper.c,972,remote_refs,git/transport-helper.c,965,1,1.0
ref,git/transport-helper.c,972,ref->next,git/transport-helper.c,972,1,1.0
data,git/transport-helper.c,1055,transport->data,git/transport-helper.c,1050,1,1.0
ref,git/transport-helper.c,1053,remote_refs,git/transport-helper.c,1051,1,1.0
ref,git/transport-helper.c,1053,ref->next,git/transport-helper.c,1053,1,1.0
data,git/transport-helper.c,1133,transport->data,git/transport-helper.c,1130,1,1.0
attrs,git/transport-helper.c,1157,space+1,git/transport-helper.c,1165,1,2.0
data,git/transport-helper.c,1191,transport->data,git/transport-helper.c,1188,1,1.0
tail,git/transport-helper.c,1194,&ret,git/transport-helper.c,1193,1,2.0
tail,git/transport-helper.c,1194,&((*tail)->next),git/transport-helper.c,1194,1,2.0
posn,git/transport-helper.c,1195,ret,git/transport-helper.c,1193,1,1.0
posn,git/transport-helper.c,1195,posn->next,git/transport-helper.c,1195,1,1.0
data->name,git/transport-helper.c,1274,name,git/transport-helper.c,1272,1,1.0
transport->data,git/transport-helper.c,1272,data,git/transport-helper.c,1274,1,1.0
transport->vtable,git/transport-helper.c,1272,&vtable,git/transport-helper.c,1263,1,2.0
t,git/transport-helper.c,1435,udt,git/transport-helper.c,1433,1,1.0
ref,git/transport-helper.c,1607,remote_refs,git/transport-helper.c,1605,1,1.0
ref,git/transport-helper.c,1607,ref->next,git/transport-helper.c,1607,1,1.0
ref,git/transport.c,78,refs,git/transport.c,75,1,1.0
ref,git/transport.c,78,ref->next,git/transport.c,78,1,1.0
localname,git/transport.c,80,tmp,git/transport.c,81,1,1.0
data,git/transport.c,132,transport->data,git/transport.c,128,1,1.0
transport->hash_algo,git/transport.c,128,data->header.hash_algo,git/transport.c,124,1,1.0
e,git/transport.c,150,data->header.references.items+i,git/transport.c,11,1,2.0
name,git/transport.c,151,e->string,git/transport.c,150,1,1.0
oid,git/transport.c,153,e->util,git/transport.c,150,1,1.0
ref->next,git/transport.c,152,result,git/transport.c,133,1,1.0
result,git/transport.c,133,ref,git/transport.c,152,1,1.0
ref->next,git/transport.c,152,ref,git/transport.c,152,1,1.0
data,git/transport.c,164,transport->data,git/transport.c,161,1,1.0
transport->hash_algo,git/transport.c,161,data->header.hash_algo,git/transport.c,124,1,1.0
data,git/transport.c,177,transport->data,git/transport.c,175,1,1.0
opts->uploadpack,git/transport.c,195,value,git/transport.c,196,1,1.0
opts->receivepack,git/transport.c,195,value,git/transport.c,196,1,1.0
opts->deepen_since,git/transport.c,195,value,git/transport.c,196,1,1.0
opts->deepen_not,git/transport.c,195,value,git/transport.c,196,1,1.0
data,git/transport.c,251,transport->data,git/transport.c,249,1,1.0
data,git/transport.c,292,transport->data,git/transport.c,288,1,1.0
transport->hash_algo,git/transport.c,288,reader.hash_algo,git/transport.c,294,1,1.0
data,git/transport.c,352,transport->data,git/transport.c,348,1,1.0
args.server_options,git/transport.c,354,transport->server_options,git/transport.c,348,1,1.0
ref,git/transport.c,444,ref->next,git/transport.c,444,1,1.0
ref,git/transport.c,459,ref->next,git/transport.c,459,1,1.0
rs.src,git/transport.c,477,refname,git/transport.c,473,1,1.0
report,git/transport.c,499,ref->report,git/transport.c,495,1,1.0
report,git/transport.c,499,report->next,git/transport.c,499,1,1.0
new_oid,git/transport.c,498,&ref->new_oid,git/transport.c,109,1,2.0
to_name,git/transport.c,522,report->ref_name,git/transport.c,519,1,1.0
old_oid,git/transport.c,565,report->old_oid,git/transport.c,562,1,1.0
old_oid,git/transport.c,565,&ref->old_oid,git/transport.c,108,1,2.0
new_oid,git/transport.c,566,report->new_oid,git/transport.c,562,1,1.0
new_oid,git/transport.c,566,&ref->new_oid,git/transport.c,109,1,2.0
ref_name,git/transport.c,567,report->ref_name,git/transport.c,562,1,1.0
report,git/transport.c,712,ref->report,git/transport.c,709,1,1.0
report,git/transport.c,712,report->next,git/transport.c,712,1,1.0
refs,git/transport.c,733,refs->next,git/transport.c,733,1,1.0
ref,git/transport.c,749,refs,git/transport.c,746,1,1.0
ref,git/transport.c,749,ref->next,git/transport.c,749,1,1.0
data,git/transport.c,798,transport->data,git/transport.c,796,1,1.0
args.push_options,git/transport.c,799,transport->push_options,git/transport.c,796,1,1.0
args.url,git/transport.c,799,transport->url,git/transport.c,796,1,1.0
data,git/transport.c,861,transport->data,git/transport.c,858,1,1.0
data,git/transport.c,871,transport->data,git/transport.c,869,1,1.0
data->conn,git/transport.c,897,child,git/transport.c,895,1,1.0
transport->data,git/transport.c,894,data,git/transport.c,897,1,1.0
transport->vtable,git/transport.c,894,&taken_over_vtable,git/transport.c,885,1,2.0
ret->remote,git/transport.c,1055,remote,git/transport.c,1052,1,1.0
helper,git/transport.c,1054,remote->foreign_vcs,git/transport.c,1052,1,1.0
url,git/transport.c,1052,remote->url[0],git/transport.c,1052,1,1.0
ret->url,git/transport.c,1055,url,git/transport.c,1052,1,1.0
ret->url,git/transport.c,1055,remote->url[0],git/transport.c,1052,1,1.0
p,git/transport.c,1073,url,git/transport.c,1052,1,1.0
p,git/transport.c,1073,remote->url[0],git/transport.c,1052,1,1.0
ret->data,git/transport.c,1055,data,git/transport.c,1086,1,1.0
ret->vtable,git/transport.c,1055,&bundle_vtable,git/transport.c,1034,1,2.0
ret->data,git/transport.c,1055,data,git/transport.c,1103,1,1.0
ret->vtable,git/transport.c,1055,&builtin_smart_vtable,git/transport.c,1043,1,2.0
ret->smart_options->uploadpack,git/transport.c,1055,remote->uploadpack,git/transport.c,1052,1,1.0
ret->smart_options->receivepack,git/transport.c,1055,remote->receivepack,git/transport.c,1052,1,1.0
argv[1],git/transport.c,1209,transport->remote->name,git/transport.c,1202,1,1.0
argv[2],git/transport.c,1209,transport->url,git/transport.c,1202,1,1.0
proc.argv,git/transport.c,1207,argv,git/transport.c,1209,1,1.0
r,git/transport.c,1206,remote_refs,git/transport.c,1203,1,1.0
r,git/transport.c,1206,r->next,git/transport.c,1206,1,1.0
ref,git/transport.c,1329,remote_refs,git/transport.c,1277,1,1.0
ref,git/transport.c,1329,ref->next,git/transport.c,1329,1,1.0
ref,git/transport.c,1356,remote_refs,git/transport.c,1277,1,1.0
ref,git/transport.c,1356,ref->next,git/transport.c,1356,1,1.0
ref,git/transport.c,1398,remote_refs,git/transport.c,1277,1,1.0
ref,git/transport.c,1398,ref->next,git/transport.c,1398,1,1.0
rm,git/transport.c,1431,refs,git/transport.c,1426,1,1.0
rm,git/transport.c,1431,rm->next,git/transport.c,1431,1,1.0
heads[nr_heads++],git/transport.c,1430,rm,git/transport.c,1431,1,1.0
heads[nr_heads++],git/transport.c,1430,rm->next,git/transport.c,1431,1,1.0
heads[nr_heads++],git/transport.c,1430,refs,git/transport.c,1426,1,1.0
cp,git/transport.c,1511,url,git/transport.c,1495,1,1.0
desc->entry.path,git/tree-walk.c,33,path,git/tree-walk.c,28,1,1.0
desc->buffer,git/tree-walk.c,57,buffer,git/tree-walk.c,57,1,1.0
buf,git/tree-walk.c,112,desc->buffer,git/tree-walk.c,110,1,1.0
end,git/tree-walk.c,113,(constunsignedchar*)desc->entry.path+desc->entry.pathlen+1+the_hash_algo->rawsz,git/tree-walk.c,33,1,2.0
buf,git/tree-walk.c,112,end,git/tree-walk.c,113,1,1.0
buf,git/tree-walk.c,112,(constunsignedchar*)desc->entry.path+desc->entry.pathlen+1+the_hash_algo->rawsz,git/tree-walk.c,33,1,2.0
desc->buffer,git/tree-walk.c,110,buf,git/tree-walk.c,112,1,1.0
desc->buffer,git/tree-walk.c,110,end,git/tree-walk.c,113,1,1.0
desc->buffer,git/tree-walk.c,110,(constunsignedchar*)desc->entry.path+desc->entry.pathlen+1+the_hash_algo->rawsz,git/tree-walk.c,33,1,2.0
info->name,git/tree-walk.c,190,base,git/tree-walk.c,190,1,1.0
info->prev,git/tree-walk.c,190,&dummy,git/tree-walk.c,193,1,2.0
name,git/tree-walk.c,212,info->name,git/tree-walk.c,211,1,1.0
namelen,git/tree-walk.c,212,info,git/tree-walk.c,211,1,1.0
namelen,git/tree-walk.c,212,info->prev,git/tree-walk.c,211,1,1.0
info,git/tree-walk.c,211,info->prev,git/tree-walk.c,211,1,1.0
skip,git/tree-walk.c,334,t->skip,git/tree-walk.c,326,1,1.0
skip,git/tree-walk.c,334,skip->prev,git/tree-walk.c,334,1,1.0
path,git/tree-walk.c,331,a->path,git/tree-walk.c,327,1,1.0
skip->ptr,git/tree-walk.c,401,a->path,git/tree-walk.c,395,1,1.0
skip->prev,git/tree-walk.c,401,t->skip,git/tree-walk.c,395,1,1.0
skip->prev,git/tree-walk.c,401,skip,git/tree-walk.c,401,1,1.0
t->skip,git/tree-walk.c,395,skip,git/tree-walk.c,401,1,1.0
s,git/tree-walk.c,410,t->skip,git/tree-walk.c,408,1,1.0
s,git/tree-walk.c,410,p,git/tree-walk.c,410,1,1.0
p,git/tree-walk.c,410,s->prev,git/tree-walk.c,410,1,1.0
s,git/tree-walk.c,410,s->prev,git/tree-walk.c,410,1,1.0
info->traverse_path,git/tree-walk.c,434,traverse_path,git/tree-walk.c,442,1,1.0
first,git/tree-walk.c,470,e->path,git/tree-walk.c,472,1,1.0
remainder,git/tree-walk.c,672,first_slash+1,git/tree-walk.c,671,1,2.0
contents_start,git/tree-walk.c,776,contents,git/tree-walk.c,776,1,1.0
match,git/tree-walk.c,968,item->match,git/tree-walk.c,964,1,1.0
item,git/tree-walk.c,1047,ps->items+i,git/tree-walk.c,1016,1,2.0
match,git/tree-walk.c,1048,item->match,git/tree-walk.c,1047,1,1.0
base_str,git/tree-walk.c,1049,base->buf+base_offset,git/tree-walk.c,1015,1,2.0
ce1,git/tree.c,97,*((conststructcache_entry**)a_),git/tree.c,95,1,2.0
ce2,git/tree.c,97,*((conststructcache_entry**)b_),git/tree.c,95,1,2.0
item->buffer,git/tree.c,113,buffer,git/tree.c,113,1,1.0
msgs[ERROR_WOULD_OVERWRITE],git/unpack-trees.c,108,msgs[ERROR_NOT_UPTODATE_FILE],git/unpack-trees.c,108,1,1.0
ce,git/unpack-trees.c,327,index->cache[pos],git/unpack-trees.c,321,1,1.0
ce,git/unpack-trees.c,347,index->cache[cnt],git/unpack-trees.c,339,1,1.0
ce,git/unpack-trees.c,371,index->cache[i],git/unpack-trees.c,365,1,1.0
state.istate,git/unpack-trees.c,406,index,git/unpack-trees.c,401,1,1.0
ce,git/unpack-trees.c,436,index->cache[i],git/unpack-trees.c,401,1,1.0
ce,git/unpack-trees.c,463,index->cache[i],git/unpack-trees.c,401,1,1.0
index,git/unpack-trees.c,619,o->src_index,git/unpack-trees.c,617,1,1.0
index,git/unpack-trees.c,635,o->src_index,git/unpack-trees.c,633,1,1.0
next,git/unpack-trees.c,640,index->cache[pos],git/unpack-trees.c,635,1,1.0
index,git/unpack-trees.c,650,o->src_index,git/unpack-trees.c,648,1,1.0
ce,git/unpack-trees.c,654,index->cache[pos],git/unpack-trees.c,650,1,1.0
index,git/unpack-trees.c,665,o->src_index,git/unpack-trees.c,663,1,1.0
next,git/unpack-trees.c,672,index->cache[pos],git/unpack-trees.c,665,1,1.0
src[0],git/unpack-trees.c,684,ce,git/unpack-trees.c,681,1,1.0
o,git/unpack-trees.c,706,info->data,git/unpack-trees.c,704,1,1.0
o,git/unpack-trees.c,715,info->data,git/unpack-trees.c,713,1,1.0
o,git/unpack-trees.c,739,info->data,git/unpack-trees.c,737,1,1.0
o,git/unpack-trees.c,755,info->data,git/unpack-trees.c,753,1,1.0
o,git/unpack-trees.c,787,info->data,git/unpack-trees.c,784,1,1.0
src[0],git/unpack-trees.c,786,o->src_index->cache[pos+i],git/unpack-trees.c,787,1,2.0
src[d],git/unpack-trees.c,786,tree_ce,git/unpack-trees.c,788,1,1.0
o,git/unpack-trees.c,850,info->data,git/unpack-trees.c,848,1,1.0
p,git/unpack-trees.c,856,names,git/unpack-trees.c,847,1,1.0
newinfo.prev,git/unpack-trees.c,855,info,git/unpack-trees.c,848,1,1.0
newinfo.pathspec,git/unpack-trees.c,855,info->pathspec,git/unpack-trees.c,848,1,1.0
newinfo.name,git/unpack-trees.c,855,p->path,git/unpack-trees.c,856,1,1.0
oid,git/unpack-trees.c,913,&names[i].oid,git/unpack-trees.c,16,1,2.0
pathlen,git/unpack-trees.c,944,info,git/unpack-trees.c,940,1,1.0
pathlen,git/unpack-trees.c,972,info,git/unpack-trees.c,968,1,1.0
o,git/unpack-trees.c,1083,info->data,git/unpack-trees.c,1080,1,1.0
src[i+o->merge],git/unpack-trees.c,1078,o->df_conflict_entry,git/unpack-trees.c,1083,1,2.0
ce,git/unpack-trees.c,1135,src[i+o->merge],git/unpack-trees.c,1078,1,2.0
o,git/unpack-trees.c,1171,info->data,git/unpack-trees.c,1167,1,1.0
index,git/unpack-trees.c,1172,o->src_index,git/unpack-trees.c,1171,1,1.0
ce,git/unpack-trees.c,1176,index->cache[pos],git/unpack-trees.c,1172,1,1.0
ce_len,git/unpack-trees.c,1178,ce_slash-ce_name,git/unpack-trees.c,1177,1,2.0
o,git/unpack-trees.c,1260,info->data,git/unpack-trees.c,1255,1,1.0
ce,git/unpack-trees.c,1258,o->src_index->cache[pos],git/unpack-trees.c,1260,1,1.0
o,git/unpack-trees.c,1354,info->data,git/unpack-trees.c,1351,1,1.0
p,git/unpack-trees.c,1355,names,git/unpack-trees.c,1351,1,1.0
src[0],git/unpack-trees.c,1353,ce,git/unpack-trees.c,1368,1,1.0
cache_end,git/unpack-trees.c,1462,cache,git/unpack-trees.c,1454,1,1.0
ce,git/unpack-trees.c,1478,*cache_end,git/unpack-trees.c,1462,1,2.0
ce,git/unpack-trees.c,1484,cache,git/unpack-trees.c,1454,1,1.0
rc,git/unpack-trees.c,1464,cache_end-cache,git/unpack-trees.c,1462,1,2.0
cache_end,git/unpack-trees.c,1528,cache,git/unpack-trees.c,1521,1,1.0
ce,git/unpack-trees.c,1535,*cache,git/unpack-trees.c,1521,1,2.0
name,git/unpack-trees.c,1536,ce->name+prefix->len,git/unpack-trees.c,1522,1,2.0
len,git/unpack-trees.c,1537,slash-name,git/unpack-trees.c,1536,1,2.0
ce,git/unpack-trees.c,1651,istate->cache[i],git/unpack-trees.c,1640,1,1.0
o->pl,git/unpack-trees.c,1669,pl,git/unpack-trees.c,1670,1,1.0
o->result.split_index,git/unpack-trees.c,88,o->src_index->split_index,git/unpack-trees.c,1688,1,1.0
o->df_conflict_entry,git/unpack-trees.c,1688,dfc,git/unpack-trees.c,1692,1,1.0
info.data,git/unpack-trees.c,1755,o,git/unpack-trees.c,1688,1,1.0
info.pathspec,git/unpack-trees.c,1755,o->pathspec,git/unpack-trees.c,1688,1,1.0
ce,git/unpack-trees.c,1818,o->result.cache[i],git/unpack-trees.c,88,1,1.0
ce,git/unpack-trees.c,1925,o->src_index->cache[i],git/unpack-trees.c,1889,1,1.0
ce2,git/unpack-trees.c,2107,o->src_index->cache[i],git/unpack-trees.c,2074,1,1.0
d.exclude_per_dir,git/unpack-trees.c,2082,o->dir->exclude_per_dir,git/unpack-trees.c,2074,1,1.0
remote,git/unpack-trees.c,2402,stages[o->head_idx+1],git/unpack-trees.c,2397,1,2.0
index,git/unpack-trees.c,2400,stages[0],git/unpack-trees.c,2397,1,1.0
head,git/unpack-trees.c,2401,stages[o->head_idx],git/unpack-trees.c,2397,1,1.0
ce,git/unpack-trees.c,2487,index,git/unpack-trees.c,2400,1,1.0
ce,git/unpack-trees.c,2487,stages[0],git/unpack-trees.c,2397,1,1.0
ce,git/unpack-trees.c,2487,head,git/unpack-trees.c,2401,1,1.0
ce,git/unpack-trees.c,2487,remote,git/unpack-trees.c,2402,1,1.0
ce,git/unpack-trees.c,2487,stages[i],git/unpack-trees.c,2397,1,1.0
current,git/unpack-trees.c,2573,src[0],git/unpack-trees.c,2570,1,1.0
oldtree,git/unpack-trees.c,2574,src[1],git/unpack-trees.c,2570,1,1.0
newtree,git/unpack-trees.c,2575,src[2],git/unpack-trees.c,2570,1,1.0
old,git/unpack-trees.c,2648,src[0],git/unpack-trees.c,2645,1,1.0
a,git/unpack-trees.c,2649,src[1],git/unpack-trees.c,2645,1,1.0
old,git/unpack-trees.c,2674,src[0],git/unpack-trees.c,2671,1,1.0
a,git/unpack-trees.c,2675,src[1],git/unpack-trees.c,2671,1,1.0
worktree,git/unpack-trees.c,2711,src[1],git/unpack-trees.c,2708,1,1.0
untracked,git/unpack-trees.c,2712,src[2],git/unpack-trees.c,2708,1,1.0
data,git/upload-pack.c,117,haves,git/upload-pack.c,123,1,1.0
fp,git/upload-pack.c,190,cb_data,git/upload-pack.c,188,1,1.0
commit,git/upload-pack.c,465,o,git/upload-pack.c,459,1,1.0
parents,git/upload-pack.c,464,commit->parents,git/upload-pack.c,465,1,1.0
parents,git/upload-pack.c,464,parents->next,git/upload-pack.c,464,1,1.0
cmd->argv,git/upload-pack.c,594,argv,git/upload-pack.c,599,1,1.0
object,git/upload-pack.c,775,&result->item->object,git/upload-pack.c,30,1,2.0
result,git/upload-pack.c,772,result->next,git/upload-pack.c,772,1,1.0
parents,git/upload-pack.c,793,((structcommit*)object)->parents,git/upload-pack.c,791,1,1.0
parents,git/upload-pack.c,793,parents->next,git/upload-pack.c,793,1,1.0
s,git/upload-pack.c,894,data->deepen_not.items+i,git/upload-pack.c,67,1,2.0
data,git/upload-pack.c,1199,cb_data,git/upload-pack.c,1192,1,1.0
data,git/upload-pack.c,1287,cb_data,git/upload-pack.c,1285,1,1.0
arg,git/upload-pack.c,1469,request->line,git/upload-pack.c,1465,1,1.0
q,git/url.c,36,*query,git/url.c,32,1,2.0
*query,git/url.c,32,q,git/url.c,36,1,2.0
url,git/url.c,75,colon,git/url.c,78,1,1.0
next,git/urlmatch.c,68,n,git/urlmatch.c,66,1,1.0
url,git/urlmatch.c,77,url_info->url+url_info->host_off,git/urlmatch.c,74,1,2.0
pat,git/urlmatch.c,78,pattern_info->url+pattern_info->host_off,git/urlmatch.c,75,1,2.0
url,git/urlmatch.c,77,url_next,git/urlmatch.c,83,1,1.0
pat,git/urlmatch.c,78,pat_next,git/urlmatch.c,84,1,1.0
slash_ptr,git/urlmatch.c,151,"url+strcspn(url,""/?#"")",git/urlmatch.c,109,1,2.0
url,git/urlmatch.c,109,at_ptr,git/urlmatch.c,151,1,1.0
colon_ptr,git/urlmatch.c,151,slash_ptr-1,git/urlmatch.c,151,1,2.0
colon_ptr,git/urlmatch.c,151,slash_ptr,git/urlmatch.c,151,1,1.0
colon_ptr,git/urlmatch.c,151,"url+strcspn(url,""/?#"")",git/urlmatch.c,109,1,2.0
url,git/urlmatch.c,109,slash_ptr,git/urlmatch.c,151,1,1.0
url,git/urlmatch.c,109,"url+strcspn(url,""/?#"")",git/urlmatch.c,109,1,2.0
next_slash,git/urlmatch.c,335,"url+strcspn(url,""/?#"")",git/urlmatch.c,109,1,2.0
prev_slash,git/urlmatch.c,366,norm.buf+norm.len-3,git/urlmatch.c,147,1,2.0
url,git/urlmatch.c,109,next_slash,git/urlmatch.c,335,1,1.0
out_info->url,git/urlmatch.c,109,result,git/urlmatch.c,152,1,1.0
match,git/urlmatch.c,472,url_prefix,git/urlmatch.c,471,1,1.0
collect,git/urlmatch.c,554,cb,git/urlmatch.c,551,1,1.0
select_fn,git/urlmatch.c,560,cmp_matches,git/urlmatch.c,539,1,1.0
key,git/urlmatch.c,557,dot+1,git/urlmatch.c,557,1,2.0
die_routine,git/usage.c,111,routine,git/usage.c,116,1,1.0
die_is_recursing,git/usage.c,114,routine,git/usage.c,141,1,1.0
cb_data,git/userdiff.c,280,priv,git/userdiff.c,278,1,1.0
cb_data->driver,git/userdiff.c,280,driver,git/userdiff.c,277,1,1.0
driver->textconv_cache,git/userdiff.c,387,c,git/userdiff.c,393,1,1.0
item,git/userdiff.c,413,drv+i,git/userdiff.c,407,1,2.0
p,git/utf8.c,19,s,git/utf8.c,17,1,1.0
s,git/utf8.c,122,*start,git/utf8.c,120,1,2.0
orig,git/utf8.c,212,string,git/utf8.c,209,1,1.0
text,git/utf8.c,245,eol,git/utf8.c,251,1,1.0
start,git/utf8.c,271,text,git/utf8.c,268,1,1.0
bol,git/utf8.c,271,text,git/utf8.c,268,1,1.0
space,git/utf8.c,271,text,git/utf8.c,268,1,1.0
start,git/utf8.c,298,bol,git/utf8.c,271,1,1.0
start,git/utf8.c,298,text,git/utf8.c,268,1,1.0
start,git/utf8.c,298,space,git/utf8.c,271,1,1.0
start,git/utf8.c,271,bol,git/utf8.c,271,1,1.0
start,git/utf8.c,271,space+isspace(*space),git/utf8.c,271,1,2.0
bol,git/utf8.c,271,space+isspace(*space),git/utf8.c,271,1,2.0
space,git/utf8.c,271,bol,git/utf8.c,271,1,1.0
space,git/utf8.c,271,space+isspace(*space),git/utf8.c,271,1,2.0
start,git/utf8.c,298,space+isspace(*space),git/utf8.c,271,1,2.0
text,git/utf8.c,268,bol,git/utf8.c,271,1,1.0
text,git/utf8.c,268,space+isspace(*space),git/utf8.c,271,1,2.0
text,git/utf8.c,268,start,git/utf8.c,271,1,1.0
src,git/utf8.c,361,sb_src->buf,git/utf8.c,357,1,1.0
end,git/utf8.c,362,src+sb_src->len,git/utf8.c,361,1,2.0
dst,git/utf8.c,363,sb_dst.buf,git/utf8.c,360,1,1.0
old,git/utf8.c,372,src,git/utf8.c,361,1,1.0
old,git/utf8.c,372,sb_src->buf,git/utf8.c,357,1,1.0
src,git/utf8.c,431,utf8,git/utf8.c,433,1,1.0
dst,git/utf8.c,431,utf8,git/utf8.c,433,1,1.0
outpos,git/utf8.c,479,bom_len,git/utf8.c,476,1,1.0
bom_str,git/utf8.c,546,utf16_le_bom,git/utf8.c,8,1,1.0
bom_str,git/utf8.c,546,utf16_be_bom,git/utf8.c,7,1,1.0
p,git/utf8.c,647,*text,git/utf8.c,644,1,2.0
buf,git/varint.c,6,*bufp,git/varint.c,4,1,2.0
*bufp,git/varint.c,4,buf,git/varint.c,6,1,2.0
p1,git/versioncmp.c,118,s1,git/versioncmp.c,116,1,1.0
p2,git/versioncmp.c,119,s2,git/versioncmp.c,116,1,1.0
wt,git/worktree.c,104,worktrees[i],git/worktree.c,98,1,1.0
list[counter++],git/worktree.c,117,linked,git/worktree.c,132,1,1.0
path,git/worktree.c,169,(*list)->path,git/worktree.c,158,1,1.0
found,git/worktree.c,161,*list,git/worktree.c,158,1,2.0
arg,git/worktree.c,185,to_free,git/worktree.c,188,1,1.0
wt,git/worktree.c,417,worktrees[i],git/worktree.c,409,1,1.0
existing,git/worktree.c,408,wt,git/worktree.c,417,1,1.0
existing,git/worktree.c,408,worktrees[i],git/worktree.c,409,1,1.0
*ref,git/worktree.c,496,worktree_ref,git/worktree.c,495,1,2.0
*name,git/worktree.c,495,worktree_ref,git/worktree.c,495,1,2.0
*ref,git/worktree.c,496,slash+1,git/worktree.c,510,1,2.0
p,git/worktree.c,557,worktrees,git/worktree.c,557,1,1.0
wt,git/worktree.c,563,*p,git/worktree.c,557,1,2.0
wt,git/worktree.c,637,worktrees+1,git/worktree.c,636,1,2.0
*wtpath,git/worktree.c,761,path,git/worktree.c,764,1,2.0
p,git/wrapper.c,290,buf,git/wrapper.c,288,1,1.0
p,git/wrapper.c,309,buf,git/wrapper.c,307,1,1.0
p,git/wrapper.c,330,buf,git/wrapper.c,328,1,1.0
filename_template,git/wrapper.c,424,origtemplate,git/wrapper.c,427,1,1.0
filename_template,git/wrapper.c,521,origtemplate,git/wrapper.c,524,1,1.0
line,git/wt-status.c,54,sb.buf,git/wt-status.c,52,1,1.0
line,git/wt-status.c,54,eol+1,git/wt-status.c,54,1,2.0
s->repo,git/wt-status.c,125,r,git/wt-status.c,125,1,1.0
d,git/wt-status.c,162,it->util,git/wt-status.c,161,1,1.0
d,git/wt-status.c,325,it->util,git/wt-status.c,322,1,1.0
d,git/wt-status.c,352,it->util,git/wt-status.c,350,1,1.0
two_name,git/wt-status.c,356,it->string,git/wt-status.c,350,1,1.0
one_name,git/wt-status.c,355,two_name,git/wt-status.c,356,1,1.0
one_name,git/wt-status.c,355,it->string,git/wt-status.c,350,1,1.0
one_name,git/wt-status.c,355,d->rename_source,git/wt-status.c,352,1,1.0
s,git/wt-status.c,444,data,git/wt-status.c,442,1,1.0
p,git/wt-status.c,451,q->queue[i],git/wt-status.c,440,1,1.0
d,git/wt-status.c,453,it->util,git/wt-status.c,452,1,1.0
it->util,git/wt-status.c,452,d,git/wt-status.c,453,1,1.0
ce,git/wt-status.c,510,istate->cache[pos++],git/wt-status.c,507,1,1.0
s,git/wt-status.c,531,data,git/wt-status.c,529,1,1.0
p,git/wt-status.c,535,q->queue[i],git/wt-status.c,527,1,1.0
d,git/wt-status.c,537,it->util,git/wt-status.c,536,1,1.0
it->util,git/wt-status.c,536,d,git/wt-status.c,537,1,1.0
opt.def,git/wt-status.c,625,s->reference,git/wt-status.c,622,1,1.0
s,git/wt-status.c,666,context,git/wt-status.c,662,1,1.0
d,git/wt-status.c,665,it->util,git/wt-status.c,664,1,1.0
it->util,git/wt-status.c,664,d,git/wt-status.c,665,1,1.0
istate,git/wt-status.c,692,s->repo->index,git/wt-status.c,690,1,1.0
ce,git/wt-status.c,698,istate->cache[i],git/wt-status.c,692,1,1.0
d,git/wt-status.c,697,it->util,git/wt-status.c,696,1,1.0
it->util,git/wt-status.c,696,d,git/wt-status.c,697,1,1.0
istate,git/wt-status.c,755,s->repo->index,git/wt-status.c,750,1,1.0
dir.untracked,git/wt-status.c,753,istate->untracked,git/wt-status.c,755,1,1.0
ent,git/wt-status.c,777,dir.entries[i],git/wt-status.c,753,1,1.0
ent,git/wt-status.c,783,dir.ignored[i],git/wt-status.c,753,1,1.0
d,git/wt-status.c,850,it->util,git/wt-status.c,851,1,1.0
d,git/wt-status.c,873,it->util,git/wt-status.c,874,1,1.0
d,git/wt-status.c,930,it->util,git/wt-status.c,931,1,1.0
c,git/wt-status.c,946,cb_data,git/wt-status.c,944,1,1.0
copts.indent,git/wt-status.c,1016,buf.buf,git/wt-status.c,1014,1,1.0
len,git/wt-status.c,1057,p-s+1,git/wt-status.c,1059,1,2.0
opt.def,git/wt-status.c,1091,s->reference,git/wt-status.c,1088,1,1.0
cp,git/wt-status.c,1145,sb.buf,git/wt-status.c,1144,1,1.0
cp,git/wt-status.c,1145,ep+1,git/wt-status.c,1145,1,2.0
cb,git/wt-status.c,1598,cb_data,git/wt-status.c,1596,1,1.0
from,git/wt-status.c,1639,ref,git/wt-status.c,1625,1,1.0
ce,git/wt-status.c,1715,r->index->cache[i],git/wt-status.c,1694,1,1.0
state,git/wt-status.c,1765,&s->state,git/wt-status.c,132,1,2.0
branch_name,git/wt-status.c,1795,s->branch,git/wt-status.c,1788,1,1.0
branch_name,git/wt-status.c,1795,s->state.onto,git/wt-status.c,132,1,1.0
branch_name,git/wt-status.c,1795,s->state.detached_from,git/wt-status.c,132,1,1.0
d,git/wt-status.c,1908,it->util,git/wt-status.c,1905,1,1.0
d,git/wt-status.c,1935,it->util,git/wt-status.c,1932,1,1.0
branch_name,git/wt-status.c,1990,s->branch,git/wt-status.c,1981,1,1.0
d,git/wt-status.c,2065,it->util,git/wt-status.c,2059,1,1.0
branch_name,git/wt-status.c,2125,s->state.onto,git/wt-status.c,132,1,1.0
branch_name,git/wt-status.c,2125,s->state.detached_from,git/wt-status.c,132,1,1.0
d,git/wt-status.c,2208,it->util,git/wt-status.c,2206,1,1.0
d,git/wt-status.c,2257,it->util,git/wt-status.c,2254,1,1.0
path,git/wt-status.c,2260,it->string,git/wt-status.c,2254,1,1.0
path_from,git/wt-status.c,2261,d->rename_source,git/wt-status.c,2257,1,1.0
d,git/wt-status.c,2321,it->util,git/wt-status.c,2318,1,1.0
istate,git/wt-status.c,2322,s->repo->index,git/wt-status.c,2319,1,1.0
ce,git/wt-status.c,2323,istate->cache[pos++],git/wt-status.c,2322,1,1.0
path_index,git/wt-status.c,2325,it->string,git/wt-status.c,2318,1,1.0
path,git/wt-status.c,2405,it->string,git/wt-status.c,2400,1,1.0
d,git/wt-status.c,2433,it->util,git/wt-status.c,2434,1,1.0
priv,git/xdiff-interface.c,23,priv_,git/xdiff-interface.c,18,1,1.0
priv,git/xdiff-interface.c,36,priv_,git/xdiff-interface.c,34,1,1.0
this_size,git/xdiff-interface.c,39,ep-s+1,git/xdiff-interface.c,37,1,2.0
priv,git/xdiff-interface.c,54,priv_,git/xdiff-interface.c,52,1,1.0
ap,git/xdiff-interface.c,98,a->ptr,git/xdiff-interface.c,94,1,1.0
bp,git/xdiff-interface.c,99,b->ptr,git/xdiff-interface.c,94,1,1.0
state.consume_callback_data,git/xdiff-interface.c,136,consume_callback_data,git/xdiff-interface.c,132,1,1.0
ecb.out_hunk,git/xdiff-interface.c,137,xdiff_out_hunk,git/xdiff-interface.c,18,1,1.0
ecb.out_line,git/xdiff-interface.c,137,xdiff_outf,git/xdiff-interface.c,52,1,1.0
ecb.priv,git/xdiff-interface.c,137,&state,git/xdiff-interface.c,136,1,2.0
regs,git/xdiff-interface.c,211,priv,git/xdiff-interface.c,209,1,1.0
reg,git/xdiff-interface.c,225,regs->array+i,git/xdiff-interface.c,211,1,2.0
reg,git/xdiff-interface.c,257,regs->array+i,git/xdiff-interface.c,248,1,2.0
expression,git/xdiff-interface.c,258,value,git/xdiff-interface.c,245,1,1.0
regs,git/xdiff-interface.c,285,xecfg->find_func_priv,git/xdiff-interface.c,281,1,1.0
b1,git/compat/qsort_s.c,14,b,git/compat/qsort_s.c,9,1,1.0
tmp,git/compat/qsort_s.c,13,t,git/compat/qsort_s.c,11,1,1.0
buf,git/archive-tar.c,56,data,git/archive-tar.c,54,1,1.0
p,git/archive-tar.c,182,header,git/archive-tar.c,180,1,1.0
oid,git/archive-tar.c,319,args->commit_oid,git/archive-tar.c,317,1,1.0
ar->write_archive,git/archive-tar.c,364,write_tar_filter_archive,git/archive-tar.c,428,1,1.0
argv[0],git/archive-tar.c,433,cmd.buf,git/archive-tar.c,431,1,1.0
filter.argv,git/archive-tar.c,432,argv,git/archive-tar.c,433,1,1.0
stream.next_in,git/archive-zip.c,199,data,git/archive-zip.c,195,1,1.0
stream.next_out,git/archive-zip.c,199,buffer,git/archive-zip.c,201,1,1.0
path_without_prefix,git/archive-zip.c,306,path+args->baselen,git/archive-zip.c,287,1,2.0
out,git/archive-zip.c,301,buffer,git/archive-zip.c,289,1,1.0
out,git/archive-zip.c,301,deflated,git/archive-zip.c,302,1,1.0
zstream.next_out,git/archive-zip.c,444,compressed,git/archive-zip.c,447,1,1.0
zstream.next_in,git/archive-zip.c,444,buf,git/archive-zip.c,442,1,1.0
e->name,git/chdir-notify.c,18,name,git/chdir-notify.c,14,1,1.0
e->data,git/chdir-notify.c,18,data,git/chdir-notify.c,16,1,1.0
path,git/chdir-notify.c,30,data,git/chdir-notify.c,28,1,1.0
tmp,git/chdir-notify.c,31,*path,git/chdir-notify.c,30,1,2.0
filter->filter_object_fn,git/list-objects-filter.c,116,filter_blobs_none,git/list-objects-filter.c,72,1,1.0
filter_data,git/list-objects-filter.c,170,filter_data_,git/list-objects-filter.c,168,1,1.0
d,git/list-objects-filter.c,244,filter_data,git/list-objects-filter.c,243,1,1.0
filter->filter_data,git/list-objects-filter.c,253,d,git/list-objects-filter.c,255,1,1.0
filter->filter_object_fn,git/list-objects-filter.c,253,filter_trees_depth,git/list-objects-filter.c,161,1,1.0
filter->free_fn,git/list-objects-filter.c,253,filter_trees_free,git/list-objects-filter.c,243,1,1.0
filter_data,git/list-objects-filter.c,282,filter_data_,git/list-objects-filter.c,280,1,1.0
filter->filter_data,git/list-objects-filter.c,340,d,git/list-objects-filter.c,342,1,1.0
filter->filter_object_fn,git/list-objects-filter.c,340,filter_blobs_limit,git/list-objects-filter.c,273,1,1.0
filter_data,git/list-objects-filter.c,395,filter_data_,git/list-objects-filter.c,393,1,1.0
d,git/list-objects-filter.c,516,filter_data,git/list-objects-filter.c,514,1,1.0
filter->filter_data,git/list-objects-filter.c,523,d,git/list-objects-filter.c,525,1,1.0
filter->filter_object_fn,git/list-objects-filter.c,523,filter_sparse,git/list-objects-filter.c,386,1,1.0
filter->free_fn,git/list-objects-filter.c,523,filter_sparse_free,git/list-objects-filter.c,514,1,1.0
filter_data,git/list-objects-filter.c,565,filter_data_,git/list-objects-filter.c,563,1,1.0
filter->filter_data,git/list-objects-filter.c,613,d,git/list-objects-filter.c,615,1,1.0
filter->filter_object_fn,git/list-objects-filter.c,613,filter_object_type,git/list-objects-filter.c,556,1,1.0
d,git/list-objects-filter.c,681,filter_data,git/list-objects-filter.c,679,1,1.0
d,git/list-objects-filter.c,703,filter_data,git/list-objects-filter.c,701,1,1.0
d,git/list-objects-filter.c,727,filter_data,git/list-objects-filter.c,725,1,1.0
d,git/list-objects-filter.c,740,filter_options,git/list-objects-filter.c,737,1,1.0
filter->filter_data,git/list-objects-filter.c,738,d,git/list-objects-filter.c,740,1,1.0
filter->filter_data,git/list-objects-filter.c,738,filter_options,git/list-objects-filter.c,737,1,1.0
filter->filter_object_fn,git/list-objects-filter.c,738,filter_combine,git/list-objects-filter.c,672,1,1.0
filter->free_fn,git/list-objects-filter.c,738,filter_combine__free,git/list-objects-filter.c,701,1,1.0
filter->finalize_omits_fn,git/list-objects-filter.c,738,filter_combine__finalize_omits,git/list-objects-filter.c,723,1,1.0
filter->omits,git/list-objects-filter.c,777,omitted,git/list-objects-filter.c,774,1,1.0
toplen,git/match-trees.c,176,subpath-prefix,git/match-trees.c,175,1,2.0
rewrite_here,git/match-trees.c,180,desc.entry.path+strlen(desc.entry.path)+1,git/match-trees.c,33,1,2.0
rewrite_with,git/match-trees.c,181,&subtree,git/match-trees.c,182,1,2.0
rewrite_with,git/match-trees.c,181,oid2,git/match-trees.c,173,1,1.0
renames,git/merge-ort.c,520,&opti->renames,git/merge-ort.c,364,1,2.0
strintmap_func,git/merge-ort.c,524,strintmap_clear,git/merge-ort.c,151,1,1.0
strset_func,git/merge-ort.c,526,strset_clear,git/merge-ort.c,235,1,1.0
sb,git/merge-ort.c,591,e->value,git/merge-ort.c,587,1,1.0
opt,git/merge-ort.c,706,info->data,git/merge-ort.c,704,1,1.0
renames,git/merge-ort.c,707,&opt->priv->renames,git/merge-ort.c,364,1,2.0
opt,git/merge-ort.c,744,info->data,git/merge-ort.c,739,1,1.0
renames,git/merge-ort.c,745,&opt->priv->renames,git/merge-ort.c,364,1,2.0
old_callback_data_traverse_path,git/merge-ort.c,743,renames->callback_data_traverse_path,git/merge-ort.c,745,1,1.0
info->traverse_path,git/merge-ort.c,739,renames->callback_data_traverse_path,git/merge-ort.c,745,1,1.0
renames->callback_data_traverse_path,git/merge-ort.c,745,old_callback_data_traverse_path,git/merge-ort.c,743,1,1.0
info->traverse_path,git/merge-ort.c,739,old_callback_data_traverse_path,git/merge-ort.c,743,1,1.0
mi->directory_name,git/merge-ort.c,790,current_dir_name,git/merge-ort.c,778,1,1.0
mi,git/merge-ort.c,790,current_dir_name_len,git/merge-ort.c,779,1,1.0
ci->pathnames[i],git/merge-ort.c,447,fullpath,git/merge-ort.c,780,1,1.0
result->string,git/merge-ort.c,777,fullpath,git/merge-ort.c,780,1,1.0
result->util,git/merge-ort.c,777,mi,git/merge-ort.c,790,1,1.0
result->util,git/merge-ort.c,777,current_dir_name_len,git/merge-ort.c,779,1,1.0
renames,git/merge-ort.c,844,&opt->priv->renames,git/merge-ort.c,364,1,2.0
renames,git/merge-ort.c,909,&opt->priv->renames,git/merge-ort.c,364,1,2.0
opt,git/merge-ort.c,1015,info->data,git/merge-ort.c,1007,1,1.0
opti,git/merge-ort.c,1016,opt->priv,git/merge-ort.c,1015,1,1.0
renames,git/merge-ort.c,1017,&opt->priv->renames,git/merge-ort.c,364,1,2.0
dirname,git/merge-ort.c,1023,opti->current_dir_name,git/merge-ort.c,1016,1,1.0
p,git/merge-ort.c,1020,names,git/merge-ort.c,1006,1,1.0
ci,git/merge-ort.c,1019,pi.util,git/merge-ort.c,1018,1,1.0
newinfo.prev,git/merge-ort.c,1171,info,git/merge-ort.c,1007,1,1.0
newinfo.name,git/merge-ort.c,1171,p->path,git/merge-ort.c,1020,1,1.0
dirname,git/merge-ort.c,1023,pi.string,git/merge-ort.c,1018,1,1.0
oid,git/merge-ort.c,1229,&names[i].oid,git/merge-ort.c,16,1,2.0
original_dir_name,git/merge-ort.c,1174,opti->current_dir_name,git/merge-ort.c,1016,1,1.0
original_dir_name,git/merge-ort.c,1174,pi.string,git/merge-ort.c,1018,1,1.0
opti->current_dir_name,git/merge-ort.c,1016,pi.string,git/merge-ort.c,1018,1,1.0
dirname,git/merge-ort.c,1023,original_dir_name,git/merge-ort.c,1174,1,1.0
opti->current_dir_name,git/merge-ort.c,1016,original_dir_name,git/merge-ort.c,1174,1,1.0
renames,git/merge-ort.c,1273,&opt->priv->renames,git/merge-ort.c,364,1,2.0
rename_target,git/merge-ort.c,1287,e->value,git/merge-ort.c,1288,1,1.0
path,git/merge-ort.c,1347,entry->key,git/merge-ort.c,1275,1,1.0
info->name,git/merge-ort.c,1271,path,git/merge-ort.c,1347,1,1.0
info->name,git/merge-ort.c,1271,entry->key,git/merge-ort.c,1275,1,1.0
info,git/merge-ort.c,1271,info->namelen+1,git/merge-ort.c,1271,1,2.0
oid,git/merge-ort.c,1378,&ci->stages[i].oid,git/merge-ort.c,392,1,2.0
opt->priv->current_dir_name,git/merge-ort.c,1270,path,git/merge-ort.c,1347,1,1.0
opt->priv->current_dir_name,git/merge-ort.c,1270,entry->key,git/merge-ort.c,1275,1,1.0
path,git/merge-ort.c,1404,entry->key,git/merge-ort.c,1275,1,1.0
opt->priv->current_dir_name,git/merge-ort.c,1444,opt->priv->toplevel_dir,git/merge-ort.c,1444,1,1.0
info.data,git/merge-ort.c,1451,opt,git/merge-ort.c,1444,1,1.0
rev_opts.submodule,git/merge-ort.c,1493,path,git/merge-ort.c,1479,1,1.0
o,git/merge-ort.c,1511,&(commit->object),git/merge-ort.c,30,1,2.0
attr_index,git/merge-ort.c,1667,&opt->priv->attr_index,git/merge-ort.c,374,1,2.0
old_dir,git/merge-ort.c,1937,rename_info->key,git/merge-ort.c,1933,1,1.0
new_dir,git/merge-ort.c,1938,rename_info->value,git/merge-ort.c,1933,1,1.0
renames,git/merge-ort.c,2052,&opt->priv->renames,git/merge-ort.c,364,1,2.0
source_dir,git/merge-ort.c,2062,entry->key,git/merge-ort.c,2051,1,1.0
counts,git/merge-ort.c,2063,entry->value,git/merge-ort.c,2051,1,1.0
target_dir,git/merge-ort.c,2071,count_entry->key,git/merge-ort.c,2065,1,1.0
best,git/merge-ort.c,2068,target_dir,git/merge-ort.c,2071,1,1.0
best,git/merge-ort.c,2068,count_entry->key,git/merge-ort.c,2065,1,1.0
renames,git/merge-ort.c,2106,&opt->priv->renames,git/merge-ort.c,364,1,2.0
pair,git/merge-ort.c,2170,pairs->queue[i],git/merge-ort.c,2142,1,1.0
new_dir,git/merge-ort.c,2204,rename_info->value,git/merge-ort.c,2202,1,1.0
old_path,git/merge-ort.c,2285,pair->two->path,git/merge-ort.c,2255,1,1.0
old_path,git/merge-ort.c,2285,entry->key,git/merge-ort.c,2283,1,1.0
ci,git/merge-ort.c,2282,entry->value,git/merge-ort.c,2283,1,1.0
cur_path,git/merge-ort.c,2287,new_path,git/merge-ort.c,2256,1,1.0
parent_name,git/merge-ort.c,2286,opt->priv->toplevel_dir,git/merge-ort.c,2254,1,1.0
parent_name,git/merge-ort.c,2286,entry->key,git/merge-ort.c,2283,1,1.0
cur_path,git/merge-ort.c,2287,parent_name,git/merge-ort.c,2286,1,1.0
cur_path,git/merge-ort.c,2287,entry->key,git/merge-ort.c,2283,1,1.0
cur_path,git/merge-ort.c,2287,cur_dir,git/merge-ort.c,2323,1,1.0
parent_name,git/merge-ort.c,2286,cur_dir,git/merge-ort.c,2323,1,1.0
branch_with_new_path,git/merge-ort.c,2284,opt->branch2,git/merge-ort.c,2254,1,1.0
branch_with_dir_rename,git/merge-ort.c,2284,opt->branch1,git/merge-ort.c,2254,1,1.0
new_ci->pathnames[index],git/merge-ort.c,447,ci->pathnames[index],git/merge-ort.c,447,1,1.0
ci,git/merge-ort.c,2282,new_ci,git/merge-ort.c,2282,1,1.0
pair->two->path,git/merge-ort.c,2255,new_path,git/merge-ort.c,2256,1,1.0
pair,git/merge-ort.c,2436,renames->queue[i],git/merge-ort.c,2430,1,1.0
oldpath,git/merge-ort.c,2435,old_ent->key,git/merge-ort.c,2438,1,1.0
oldinfo,git/merge-ort.c,2437,old_ent->value,git/merge-ort.c,2438,1,1.0
newpath,git/merge-ort.c,2435,pair->two->path,git/merge-ort.c,2436,1,1.0
newpath,git/merge-ort.c,2435,new_ent->key,git/merge-ort.c,2438,1,1.0
newinfo,git/merge-ort.c,2437,new_ent->value,git/merge-ort.c,2438,1,1.0
pathnames[0],git/merge-ort.c,2475,oldpath,git/merge-ort.c,2435,1,1.0
pathnames[0],git/merge-ort.c,2475,old_ent->key,git/merge-ort.c,2438,1,1.0
pathnames[1],git/merge-ort.c,2475,newpath,git/merge-ort.c,2435,1,1.0
pathnames[1],git/merge-ort.c,2475,new_ent->key,git/merge-ort.c,2438,1,1.0
pathnames[2],git/merge-ort.c,2475,renames->queue[i+1]->two->path,git/merge-ort.c,2430,1,2.0
ri,git/merge-ort.c,2493,&opt->priv->renames,git/merge-ort.c,364,1,2.0
rename_branch,git/merge-ort.c,2442,opt->branch1,git/merge-ort.c,2429,1,1.0
delete_branch,git/merge-ort.c,2442,opt->branch2,git/merge-ort.c,2429,1,1.0
rename_branch,git/merge-ort.c,2442,opt->branch2,git/merge-ort.c,2429,1,1.0
delete_branch,git/merge-ort.c,2442,opt->branch1,git/merge-ort.c,2429,1,1.0
pathnames[0],git/merge-ort.c,2634,oldpath,git/merge-ort.c,2435,1,1.0
pathnames[0],git/merge-ort.c,2634,old_ent->key,git/merge-ort.c,2438,1,1.0
pathnames[other_source_index],git/merge-ort.c,2634,oldpath,git/merge-ort.c,2435,1,1.0
pathnames[other_source_index],git/merge-ort.c,2634,old_ent->key,git/merge-ort.c,2438,1,1.0
pathnames[target_index],git/merge-ort.c,2634,newpath,git/merge-ort.c,2435,1,1.0
pathnames[target_index],git/merge-ort.c,2634,new_ent->key,git/merge-ort.c,2438,1,1.0
newinfo->pathnames[0],git/merge-ort.c,447,oldpath,git/merge-ort.c,2435,1,1.0
newinfo->pathnames[0],git/merge-ort.c,447,old_ent->key,git/merge-ort.c,2438,1,1.0
newinfo->pathnames[other_source_index],git/merge-ort.c,447,oldpath,git/merge-ort.c,2435,1,1.0
newinfo->pathnames[other_source_index],git/merge-ort.c,447,old_ent->key,git/merge-ort.c,2438,1,1.0
p,git/merge-ort.c,2754,q->queue[i],git/merge-ort.c,2747,1,1.0
old_name,git/merge-ort.c,2800,entry->key,git/merge-ort.c,2792,1,1.0
new_name,git/merge-ort.c,2801,entry->value,git/merge-ort.c,2792,1,1.0
new_name,git/merge-ort.c,2801,old_name,git/merge-ort.c,2800,1,1.0
new_name,git/merge-ort.c,2801,entry->key,git/merge-ort.c,2792,1,1.0
new_path,git/merge-ort.c,2833,p->two->path,git/merge-ort.c,2831,1,1.0
a,git/merge-ort.c,2876,*((conststructdiff_filepair**)a_),git/merge-ort.c,2874,1,2.0
b,git/merge-ort.c,2877,*((conststructdiff_filepair**)b_),git/merge-ort.c,2874,1,2.0
renames,git/merge-ort.c,2887,&opt->priv->renames,git/merge-ort.c,364,1,2.0
renames,git/merge-ort.c,2955,&opt->priv->renames,git/merge-ort.c,364,1,2.0
p,git/merge-ort.c,2961,side_pairs->queue[i],git/merge-ort.c,2952,1,1.0
result->queue[result->nr++],git/merge-ort.c,2945,p,git/merge-ort.c,2961,1,1.0
result->queue[result->nr++],git/merge-ort.c,2945,side_pairs->queue[i],git/merge-ort.c,2952,1,1.0
info,git/merge-ort.c,3002,entry->value,git/merge-ort.c,2954,1,1.0
renames,git/merge-ort.c,3023,&opt->priv->renames,git/merge-ort.c,364,1,2.0
p,git/merge-ort.c,3096,side_pairs->queue[i],git/merge-ort.c,3091,1,1.0
idx,git/merge-ort.c,3199,&opt->priv->attr_index,git/merge-ort.c,374,1,2.0
a,git/merge-ort.c,3273,a_,git/merge-ort.c,3271,1,1.0
b,git/merge-ort.c,3274,b_,git/merge-ort.c,3271,1,1.0
ami,git/merge-ort.c,3276,a->util,git/merge-ort.c,3273,1,1.0
bmi,git/merge-ort.c,3277,b->util,git/merge-ort.c,3274,1,1.0
ri,git/merge-ort.c,3308,&mi->result,git/merge-ort.c,398,1,2.0
info->last_directory,git/merge-ort.c,3338,new_directory_name,git/merge-ort.c,3337,1,1.0
old_path,git/merge-ort.c,3563,path,git/merge-ort.c,3513,1,1.0
branch,git/merge-ort.c,3562,opt->branch2,git/merge-ort.c,3512,1,1.0
ci,git/merge-ort.c,3514,new_ci,git/merge-ort.c,3561,1,1.0
b_path,git/merge-ort.c,3673,path,git/merge-ort.c,3513,1,1.0
old_path,git/merge-ort.c,3563,a_path,git/merge-ort.c,3673,1,1.0
path,git/merge-ort.c,3513,a_path,git/merge-ort.c,3673,1,1.0
b_path,git/merge-ort.c,3673,a_path,git/merge-ort.c,3673,1,1.0
modify_branch,git/merge-ort.c,3807,opt->branch2,git/merge-ort.c,3512,1,1.0
delete_branch,git/merge-ort.c,3807,opt->branch1,git/merge-ort.c,3512,1,1.0
ci,git/merge-ort.c,3877,e->util,git/merge-ort.c,3869,1,1.0
path,git/merge-ort.c,3962,entry->string,git/merge-ort.c,3920,1,1.0
mi,git/merge-ort.c,3968,entry->util,git/merge-ort.c,3920,1,1.0
ci,git/merge-ort.c,3975,mi,git/merge-ort.c,3968,1,1.0
ci,git/merge-ort.c,3975,entry->util,git/merge-ort.c,3920,1,1.0
unpack_opts.src_index,git/merge-ort.c,4008,opt->repo->index,git/merge-ort.c,4001,1,1.0
unpack_opts.dst_index,git/merge-ort.c,4008,opt->repo->index,git/merge-ort.c,4001,1,1.0
index,git/merge-ort.c,4053,opt->repo->index,git/merge-ort.c,4049,1,1.0
state.istate,git/merge-ort.c,4054,index,git/merge-ort.c,4053,1,1.0
state.istate,git/merge-ort.c,4054,opt->repo->index,git/merge-ort.c,4049,1,1.0
path,git/merge-ort.c,4070,e->key,git/merge-ort.c,4052,1,1.0
ci,git/merge-ort.c,4071,e->value,git/merge-ort.c,4052,1,1.0
ce,git/merge-ort.c,4073,index->cache[pos],git/merge-ort.c,4053,1,1.0
opt->priv,git/merge-ort.c,4168,result->priv,git/merge-ort.c,4170,1,1.0
opti,git/merge-ort.c,4207,result->priv,git/merge-ort.c,4170,1,1.0
opti,git/merge-ort.c,4246,result->priv,git/merge-ort.c,4244,1,1.0
c->maybe_tree,git/merge-ort.c,4275,t,git/merge-ort.c,4275,1,1.0
opt->priv,git/merge-ort.c,4292,result->priv,git/merge-ort.c,4292,1,1.0
renames,git/merge-ort.c,4294,&opt->priv->renames,git/merge-ort.c,364,1,2.0
opti,git/merge-ort.c,4424,result->priv,git/merge-ort.c,4417,1,1.0
renames,git/merge-ort.c,4422,&opti->renames,git/merge-ort.c,364,1,2.0
result->priv,git/merge-ort.c,4469,opt->priv,git/merge-ort.c,4465,1,1.0
ancestor_name,git/merge-ort.c,4533,merge_base_abbrev.buf,git/merge-ort.c,4534,1,1.0
iter,git/merge-ort.c,4531,merge_bases,git/merge-ort.c,4526,1,1.0
iter,git/merge-ort.c,4531,iter->next,git/merge-ort.c,4531,1,1.0
prev,git/merge-ort.c,4562,merged_merge_bases,git/merge-ort.c,4532,1,1.0
saved_b1,git/merge-ort.c,4561,opt->branch1,git/merge-ort.c,4525,1,1.0
saved_b2,git/merge-ort.c,4561,opt->branch2,git/merge-ort.c,4525,1,1.0
opt->branch1,git/merge-ort.c,4525,saved_b1,git/merge-ort.c,4561,1,1.0
opt->branch2,git/merge-ort.c,4525,saved_b2,git/merge-ort.c,4561,1,1.0
opt->ancestor,git/merge-ort.c,4525,ancestor_name,git/merge-ort.c,4533,1,1.0
opt->ancestor,git/merge-ort.c,4525,merge_base_abbrev.buf,git/merge-ort.c,4534,1,1.0
opt->priv->renames.merge_trees[0],git/merge-ort.c,206,merge_base,git/merge-ort.c,4606,1,1.0
opt->priv->renames.merge_trees[1],git/merge-ort.c,206,side1,git/merge-ort.c,4607,1,1.0
opt->priv->renames.merge_trees[2],git/merge-ort.c,206,side2,git/merge-ort.c,4608,1,1.0
oid_str,git/protocol-caps.c,50,item->string,git/protocol-caps.c,40,1,1.0
*rec,git/xdiff/xemit.c,25,xdf->recs[ri]->ptr,git/xdiff/xemit.c,25,1,2.0
xchp,git/xdiff/xemit.c,54,*xscr,git/xdiff/xemit.c,52,1,2.0
xchp,git/xdiff/xemit.c,54,xchp->next,git/xdiff/xemit.c,54,1,1.0
xch,git/xdiff/xemit.c,54,xchp->next,git/xdiff/xemit.c,54,1,1.0
*xscr,git/xdiff/xemit.c,52,xch,git/xdiff/xemit.c,54,1,2.0
*xscr,git/xdiff/xemit.c,52,xchp->next,git/xdiff/xemit.c,54,1,2.0
lxch,git/xdiff/xemit.c,54,*xscr,git/xdiff/xemit.c,52,1,2.0
lxch,git/xdiff/xemit.c,54,xch,git/xdiff/xemit.c,54,1,1.0
lxch,git/xdiff/xemit.c,54,xchp->next,git/xdiff/xemit.c,54,1,3.0
xchp,git/xdiff/xemit.c,54,xch,git/xdiff/xemit.c,54,1,1.0
xch,git/xdiff/xemit.c,54,xch->next,git/xdiff/xemit.c,54,1,1.0
xchp,git/xdiff/xemit.c,54,xch->next,git/xdiff/xemit.c,54,1,1.0
lxch,git/xdiff/xemit.c,54,xch->next,git/xdiff/xemit.c,54,1,1.0
*xscr,git/xdiff/xemit.c,52,xch->next,git/xdiff/xemit.c,54,1,2.0
buf,git/xdiff/xemit.c,139,dummy,git/xdiff/xemit.c,139,1,1.0
xch,git/xdiff/xemit.c,170,xscr,git/xdiff/xemit.c,167,1,1.0
xch,git/xdiff/xemit.c,170,xche->next,git/xdiff/xemit.c,170,1,1.0
xchp,git/xdiff/xemit.c,175,xch,git/xdiff/xemit.c,170,1,1.0
xchp,git/xdiff/xemit.c,175,xche->next,git/xdiff/xemit.c,170,1,1.0
xchp,git/xdiff/xemit.c,175,xchp->next,git/xdiff/xemit.c,175,1,1.0
xch,git/xdiff/xemit.c,170,xchp,git/xdiff/xemit.c,175,1,1.0
xch,git/xdiff/xemit.c,170,xchp->next,git/xdiff/xemit.c,175,1,1.0
xche,git/xdiff/xemit.c,170,xche->next,git/xdiff/xemit.c,170,1,1.0
xch,git/xdiff/xemit.c,170,xch->next,git/xdiff/xemit.c,170,1,1.0
m,git/xdiff/xmerge.c,55,*merge,git/xdiff/xmerge.c,50,1,2.0
(*merge)->next,git/xdiff/xmerge.c,50,m,git/xdiff/xmerge.c,55,1,1.0
*merge,git/xdiff/xmerge.c,50,m,git/xdiff/xmerge.c,55,1,2.0
c,git/xdiff/xmerge.c,81,next_c,git/xdiff/xmerge.c,84,1,1.0
next_c,git/xdiff/xmerge.c,84,c->next,git/xdiff/xmerge.c,81,1,1.0
c,git/xdiff/xmerge.c,81,c->next,git/xdiff/xmerge.c,81,1,1.0
rec1,git/xdiff/xmerge.c,100,xe1->xdf2.recs+i1,git/xdiff/xmerge.c,62,1,2.0
rec2,git/xdiff/xmerge.c,101,xe2->xdf2.recs+i2,git/xdiff/xmerge.c,62,1,2.0
recs,git/xdiff/xmerge.c,114,(use_orig?xe->xdf1.recs:xe->xdf2.recs)+i,git/xdiff/xmerge.c,62,1,2.0
m,git/xdiff/xmerge.c,287,m->next,git/xdiff/xmerge.c,287,1,1.0
m,git/xdiff/xmerge.c,329,m->next,git/xdiff/xmerge.c,329,1,1.0
t1.ptr,git/xdiff/xmerge.c,333,xe1->xdf2.recs[m->i1]->ptr,git/xdiff/xmerge.c,62,1,1.0
t2.ptr,git/xdiff/xmerge.c,333,xe2->xdf2.recs[m->i2]->ptr,git/xdiff/xmerge.c,62,1,1.0
x,git/xdiff/xmerge.c,335,xscr,git/xdiff/xmerge.c,335,1,1.0
m,git/xdiff/xmerge.c,329,m2,git/xdiff/xmerge.c,376,1,1.0
xscr,git/xdiff/xmerge.c,335,xscr->next,git/xdiff/xmerge.c,335,1,1.0
x,git/xdiff/xmerge.c,335,xscr->next,git/xdiff/xmerge.c,335,1,1.0
m2->next,git/xdiff/xmerge.c,376,m->next,git/xdiff/xmerge.c,329,1,1.0
m2->next,git/xdiff/xmerge.c,376,m2,git/xdiff/xmerge.c,376,1,1.0
m->next,git/xdiff/xmerge.c,329,m2,git/xdiff/xmerge.c,376,1,1.0
next_m,git/xdiff/xmerge.c,421,m->next,git/xdiff/xmerge.c,419,1,1.0
next_m,git/xdiff/xmerge.c,421,next_m->next,git/xdiff/xmerge.c,421,1,1.0
m->next,git/xdiff/xmerge.c,419,next_m->next,git/xdiff/xmerge.c,421,1,1.0
next_m,git/xdiff/xmerge.c,441,m->next,git/xdiff/xmerge.c,433,1,1.0
m,git/xdiff/xmerge.c,433,next_m,git/xdiff/xmerge.c,441,1,1.0
m,git/xdiff/xmerge.c,433,m->next,git/xdiff/xmerge.c,433,1,1.0
ancestor_name,git/xdiff/xmerge.c,477,xmp->ancestor,git/xdiff/xmerge.c,473,1,1.0
name1,git/xdiff/xmerge.c,478,xmp->file1,git/xdiff/xmerge.c,473,1,1.0
name2,git/xdiff/xmerge.c,479,xmp->file2,git/xdiff/xmerge.c,473,1,1.0
changes,git/xdiff/xmerge.c,475,c,git/xdiff/xmerge.c,475,1,1.0
xscr1,git/xdiff/xmerge.c,471,xscr1->next,git/xdiff/xmerge.c,471,1,1.0
xscr2,git/xdiff/xmerge.c,472,xscr2->next,git/xdiff/xmerge.c,472,1,1.0
line,git/xdiff/xprepare.c,113,rec->ptr,git/xdiff/xprepare.c,111,1,1.0
rcrec,git/xdiff/xprepare.c,114,cf->rchash[hi],git/xdiff/xprepare.c,110,1,1.0
rcrec,git/xdiff/xprepare.c,114,rcrec->next,git/xdiff/xprepare.c,114,1,1.0
cf->rcrecs,git/xdiff/xprepare.c,110,rcrecs,git/xdiff/xprepare.c,115,1,1.0
cf->rcrecs[rcrec->idx],git/xdiff/xprepare.c,110,rcrec,git/xdiff/xprepare.c,114,1,1.0
cf->rcrecs[rcrec->idx],git/xdiff/xprepare.c,110,rcrec->next,git/xdiff/xprepare.c,114,1,1.0
cf->rcrecs[rcrec->idx],git/xdiff/xprepare.c,110,cf->rchash[hi],git/xdiff/xprepare.c,110,1,1.0
rcrec->line,git/xdiff/xprepare.c,114,line,git/xdiff/xprepare.c,113,1,1.0
rcrec->line,git/xdiff/xprepare.c,114,rec->ptr,git/xdiff/xprepare.c,111,1,1.0
rcrec->next,git/xdiff/xprepare.c,114,cf->rchash[hi],git/xdiff/xprepare.c,110,1,1.0
rcrec->next,git/xdiff/xprepare.c,114,rcrec,git/xdiff/xprepare.c,114,1,1.0
cf->rchash[hi],git/xdiff/xprepare.c,110,rcrec,git/xdiff/xprepare.c,114,1,1.0
cf->rchash[hi],git/xdiff/xprepare.c,110,rcrec->next,git/xdiff/xprepare.c,114,1,1.0
rec->next,git/xdiff/xprepare.c,111,rhash[hi],git/xdiff/xprepare.c,110,1,1.0
rec->next,git/xdiff/xprepare.c,111,rec,git/xdiff/xprepare.c,111,1,1.0
rhash[hi],git/xdiff/xprepare.c,110,rec,git/xdiff/xprepare.c,111,1,1.0
top,git/xdiff/xprepare.c,165,blk+bsize,git/xdiff/xprepare.c,165,1,2.0
prev,git/xdiff/xprepare.c,165,cur,git/xdiff/xprepare.c,165,1,1.0
recs,git/xdiff/xprepare.c,167,rrecs,git/xdiff/xprepare.c,167,1,1.0
crec->ptr,git/xdiff/xprepare.c,166,prev,git/xdiff/xprepare.c,165,1,1.0
crec->ptr,git/xdiff/xprepare.c,166,cur,git/xdiff/xprepare.c,165,1,1.0
recs[nrec++],git/xdiff/xprepare.c,167,crec,git/xdiff/xprepare.c,166,1,1.0
xdf->recs,git/xdiff/xprepare.c,161,recs,git/xdiff/xprepare.c,167,1,1.0
xdf->recs,git/xdiff/xprepare.c,161,rrecs,git/xdiff/xprepare.c,167,1,1.0
xdf->rhash,git/xdiff/xprepare.c,161,rhash,git/xdiff/xprepare.c,168,1,1.0
xdf->rchg,git/xdiff/xprepare.c,161,rchg+1,git/xdiff/xprepare.c,170,1,2.0
xdf->rindex,git/xdiff/xprepare.c,161,rindex,git/xdiff/xprepare.c,171,1,1.0
xdf->ha,git/xdiff/xprepare.c,161,ha,git/xdiff/xprepare.c,169,1,1.0
dis1,git/xdiff/xprepare.c,389,dis,git/xdiff/xprepare.c,389,1,1.0
dis2,git/xdiff/xprepare.c,389,dis1+xdf1->nrec+1,git/xdiff/xprepare.c,389,1,2.0
recs,git/xdiff/xprepare.c,387,&xdf1->recs[xdf1->dstart],git/xdiff/xprepare.c,385,1,2.0
rcrec,git/xdiff/xprepare.c,388,cf->rcrecs[(*recs)->ha],git/xdiff/xprepare.c,385,1,1.0
recs,git/xdiff/xprepare.c,387,&xdf2->recs[xdf2->dstart],git/xdiff/xprepare.c,385,1,2.0
recs1,git/xdiff/xprepare.c,450,xdf1->recs,git/xdiff/xprepare.c,448,1,1.0
recs2,git/xdiff/xprepare.c,450,xdf2->recs,git/xdiff/xprepare.c,448,1,1.0
recs1,git/xdiff/xprepare.c,450,xdf1->recs+xdf1->nrec-1,git/xdiff/xprepare.c,448,1,2.0
recs2,git/xdiff/xprepare.c,450,xdf2->recs+xdf2->nrec-1,git/xdiff/xprepare.c,448,1,2.0
cha->tail->next,git/xdiff/xutils.c,96,ancur,git/xdiff/xutils.c,97,1,1.0
cha->head,git/xdiff/xutils.c,96,ancur,git/xdiff/xutils.c,97,1,1.0
cha->tail,git/xdiff/xutils.c,96,ancur,git/xdiff/xutils.c,97,1,1.0
cha->ancur,git/xdiff/xutils.c,96,ancur,git/xdiff/xutils.c,97,1,1.0
data,git/xdiff/xutils.c,98,(char*)ancur+sizeof(chanode_t)+ancur->icurr,git/xdiff/xutils.c,97,1,2.0
top,git/xdiff/xutils.c,123,data+size,git/xdiff/xutils.c,123,1,2.0
cur,git/xdiff/xutils.c,123,top,git/xdiff/xutils.c,123,1,1.0
cur,git/xdiff/xutils.c,123,data+size,git/xdiff/xutils.c,123,1,2.0
ptr,git/xdiff/xutils.c,255,*data,git/xdiff/xutils.c,252,1,2.0
ptr2,git/xdiff/xutils.c,266,ptr,git/xdiff/xutils.c,255,1,1.0
ptr2,git/xdiff/xutils.c,266,*data,git/xdiff/xutils.c,252,1,2.0
*data,git/xdiff/xutils.c,252,ptr,git/xdiff/xutils.c,255,1,2.0
ptr,git/xdiff/xutils.c,299,*data,git/xdiff/xutils.c,297,1,2.0
*data,git/xdiff/xutils.c,297,ptr,git/xdiff/xutils.c,299,1,2.0
str,git/xdiff/xutils.c,322,out,git/xdiff/xutils.c,321,1,1.0
mb.ptr,git/xdiff/xutils.c,347,buf,git/xdiff/xutils.c,348,1,1.0
subfile1.ptr,git/xdiff/xutils.c,416,diff_env->xdf1.recs[line1-1]->ptr,git/xdiff/xutils.c,62,1,2.0
subfile2.ptr,git/xdiff/xutils.c,416,diff_env->xdf2.recs[line2-1]->ptr,git/xdiff/xutils.c,62,1,2.0
tmp,git/builtin/blame.c,113,inbuf,git/builtin/blame.c,107,1,4.0
endp,git/builtin/blame.c,113,tmp,git/builtin/blame.c,113,1,4.0
endp,git/builtin/blame.c,113,inbuf,git/builtin/blame.c,107,1,4.0
end,git/builtin/cat-file.c,278,start+1,git/builtin/cat-file.c,276,1,4.0
start,git/builtin/clone.c,222,repo,git/builtin/clone.c,220,1,4.0
candidate,git/builtin/commit.c,670,candidates,git/builtin/commit.c,669,1,4.0
end_of_header,git/builtin/fast-export.c,585,*beg,git/builtin/fast-export.c,577,1,4.0
author,git/builtin/fast-export.c,623,commit_buffer,git/builtin/fast-export.c,622,1,4.0
signature,git/builtin/fast-export.c,830,message,git/builtin/fast-export.c,775,1,4.0
delim,git/builtin/fast-export.c,1163,arg,git/builtin/fast-export.c,1160,1,4.0
endp,git/builtin/fast-import.c,2379,s,git/builtin/fast-import.c,2374,1,4.0
d,git/builtin/fast-import.c,2376,s,git/builtin/fast-import.c,2374,1,4.0
f,git/builtin/fast-import.c,3320,s,git/builtin/fast-import.c,3319,1,4.0
p,git/builtin/fetch.c,780,haystack,git/builtin/fetch.c,776,1,4.0
sep,git/builtin/gc.c,2016,testing,git/builtin/gc.c,2010,1,4.0
slash,git/builtin/init-db.c,479,git_dir,git/builtin/init-db.c,477,1,4.0
git_dir_parent,git/builtin/init-db.c,666,git_dir,git/builtin/init-db.c,530,1,4.0
sp,git/builtin/ls-files.c,161,cp,git/builtin/ls-files.c,161,1,4.0
sp,git/builtin/ls-files.c,161,sp+1,git/builtin/ls-files.c,161,1,4.0
ptr,git/builtin/merge.c,1150,merge_names->buf+pos,git/builtin/merge.c,1130,1,4.0
ntr,git/builtin/mktree.c,72,ptr,git/builtin/mktree.c,72,1,4.0
ntr,git/builtin/mktree.c,72,ntr+1,git/builtin/mktree.c,72,1,4.0
p,git/builtin/pack-objects.c,3437,name,git/builtin/pack-objects.c,3430,1,4.0
p,git/builtin/pack-objects.c,3437,p+1,git/builtin/pack-objects.c,3437,1,4.0
p,git/builtin/receive-pack.c,358,prefix,git/builtin/receive-pack.c,355,1,4.0
p,git/builtin/receive-pack.c,993,head,git/builtin/receive-pack.c,991,1,4.0
p,git/builtin/receive-pack.c,993,reader,git/builtin/receive-pack.c,977,1,4.0
key,git/builtin/receive-pack.c,1016,head,git/builtin/receive-pack.c,991,1,4.0
key,git/builtin/receive-pack.c,1016,reader,git/builtin/receive-pack.c,977,1,4.0
p,git/builtin/receive-pack.c,993,key,git/builtin/receive-pack.c,1016,1,4.0
val,git/builtin/receive-pack.c,1016,key,git/builtin/receive-pack.c,1016,1,4.0
refname,git/builtin/receive-pack.c,992,key,git/builtin/receive-pack.c,1016,1,4.0
p,git/builtin/receive-pack.c,993,refname,git/builtin/receive-pack.c,992,1,4.0
boc,git/builtin/receive-pack.c,2042,push_cert,git/builtin/receive-pack.c,2040,1,4.0
eol,git/builtin/receive-pack.c,2055,boc,git/builtin/receive-pack.c,2042,1,4.0
eol,git/builtin/receive-pack.c,2055,push_cert,git/builtin/receive-pack.c,2040,1,4.0
spec,git/builtin/reflog.c,702,argv[i],git/builtin/reflog.c,670,1,4.0
dotdot,git/builtin/rev-parse.c,307,arg,git/builtin/rev-parse.c,305,1,4.0
eol,git/builtin/shortlog.c,66,oneline,git/builtin/shortlog.c,55,1,4.0
eob,git/builtin/shortlog.c,75,oneline,git/builtin/shortlog.c,55,1,4.0
body,git/builtin/shortlog.c,168,commit_buffer,git/builtin/shortlog.c,168,1,4.0
msg,git/builtin/show-branch.c,763,logmsg,git/builtin/show-branch.c,761,1,4.0
rfind,git/builtin/submodule--helper.c,88,*remoteurl,git/builtin/submodule--helper.c,86,1,4.0
sp,git/builtin/tag.c,212,buf,git/builtin/tag.c,212,1,4.0
eol,git/add-patch.c,333,p,git/add-patch.c,332,1,4.0
eol,git/add-patch.c,333,s->plain.buf+hunk->start,git/add-patch.c,329,1,4.0
eol,git/add-patch.c,333,s->colored.buf+hunk->colored_start,git/add-patch.c,329,1,4.0
eol,git/add-patch.c,468,p,git/add-patch.c,392,1,4.0
eol,git/add-patch.c,468,plain->buf,git/add-patch.c,390,1,4.0
colored_eol,git/add-patch.c,578,colored_p,git/add-patch.c,392,1,4.0
colored_eol,git/add-patch.c,578,colored->buf,git/add-patch.c,390,1,4.0
eol,git/add-patch.c,623,offset,git/add-patch.c,621,1,4.0
cp,git/apply.c,728,name,git/apply.c,728,1,4.0
ptr,git/apply.c,1068,ptr+2,git/apply.c,1068,1,4.0
second,git/apply.c,1143,name,git/apply.c,1142,1,4.0
cp,git/apply.c,2211,qname.buf+qname.len+3-max,git/apply.c,2210,1,4.0
preimage,git/apply.c,4090,hunk->patch,git/apply.c,4088,1,4.0
slash_old,git/apply.c,4226,old_name,git/apply.c,4220,1,4.0
slash_old,git/apply.c,4226,p->old_name,git/apply.c,4217,1,4.0
slash_new,git/apply.c,4226,new_name,git/apply.c,4220,1,4.0
slash_new,git/apply.c,4226,p->new_name,git/apply.c,4217,1,4.0
c,git/archive.c,48,b+8,git/archive.c,48,1,4.0
equals,git/attr.c,295,cp,git/attr.c,292,1,4.0
nl,git/blame.c,318,start,git/blame.c,316,1,4.0
last_slash,git/bloom.c,248,path,git/bloom.c,237,1,4.0
lineend,git/bundle.c,285,line,git/bundle.c,285,1,4.0
slash,git/cache-tree.c,300,path+baselen,git/cache-tree.c,300,1,4.0
slash,git/cache-tree.c,349,path+baselen,git/cache-tree.c,349,1,4.0
slash,git/cache-tree.c,865,name,git/cache-tree.c,868,1,4.0
slash,git/cache-tree.c,865,ce->name+path->len,git/cache-tree.c,832,1,4.0
eoh,git/commit.c,1016,buf->buf,git/commit.c,1012,1,4.0
next,git/commit.c,1080,line,git/commit.c,1073,1,4.0
next,git/commit.c,1080,buffer,git/commit.c,1066,1,4.0
next,git/commit.c,1126,line,git/commit.c,1113,1,4.0
next,git/commit.c,1126,buf->buf,git/commit.c,1111,1,4.0
next,git/commit.c,1327,line,git/commit.c,1327,1,4.0
eof,git/commit.c,1327,line,git/commit.c,1327,1,4.0
eof,git/commit.c,1327,next,git/commit.c,1327,1,4.0
value,git/config.c,353,text,git/config.c,351,1,4.0
env_name,git/config.c,390,spec,git/config.c,387,1,4.0
last_dot,git/config.c,432,key,git/config.c,428,1,4.0
dot,git/config.c,2712,key,git/config.c,2709,1,4.0
dot,git/config.c,3448,var,git/config.c,3443,1,4.0
target,git/connect.c,174,sym,git/connect.c,174,1,4.0
item->util,git/connect.c,175,sym,git/connect.c,174,1,4.0
found,git/connect.c,551,feature_list,git/connect.c,540,1,4.0
colon,git/connect.c,637,url,git/connect.c,635,1,4.0
slash,git/connect.c,638,url,git/connect.c,635,1,4.0
start,git/connect.c,677,host,git/connect.c,675,1,4.0
start,git/connect.c,677,*hoststart,git/connect.c,673,1,4.0
end,git/connect.c,676,start+1,git/connect.c,677,1,4.0
for_pos,git/connect.c,910,value,git/connect.c,906,1,4.0
p,git/connect.c,992,host,git/connect.c,989,1,4.0
host,git/connect.c,1013,url,git/connect.c,1012,1,4.0
path,git/connect.c,1013,end,git/connect.c,1014,1,4.0
crp,git/convert.c,218,data,git/convert.c,217,1,4.0
nl,git/convert.c,596,src,git/convert.c,577,1,4.0
dollar,git/convert.c,1104,src,git/convert.c,1101,1,4.0
dollar,git/convert.c,1104,src+3,git/convert.c,1101,1,4.0
dollar,git/convert.c,1149,src,git/convert.c,1145,1,4.0
dollar,git/convert.c,1149,src+3,git/convert.c,1145,1,4.0
spc,git/convert.c,1149,src+4,git/convert.c,1145,1,4.0
value,git/credential.c,208,line.buf,git/credential.c,204,1,4.0
proto_end,git/credential.c,426,url,git/credential.c,423,1,4.0
at,git/credential.c,426,cp,git/credential.c,426,1,4.0
at,git/credential.c,426,url,git/credential.c,423,1,4.0
colon,git/credential.c,426,cp,git/credential.c,426,1,4.0
colon,git/credential.c,426,url,git/credential.c,423,1,4.0
endp,git/diff.c,1761,data,git/diff.c,1759,1,4.0
p,git/diff.c,1919,buf,git/diff.c,1913,1,4.0
p,git/diff.c,2060,buffer->ptr+*begin+match[0].rm_so,git/diff.c,2053,1,4.0
p,git/diff.c,2330,line,git/diff.c,2328,1,4.0
slash,git/diff.c,2793,name,git/diff.c,2779,1,4.0
slash,git/diff.c,2793,file->print_name,git/diff.c,2778,1,4.0
slash,git/diff.c,2971,f->name+baselen,git/diff.c,2968,1,4.0
cp,git/diffcore-order.c,69,p.buf,git/diffcore-order.c,63,1,4.0
slash,git/diffcore-rename.c,373,filename,git/diffcore-rename.c,371,1,4.0
slash,git/diffcore-rename.c,379,filename,git/diffcore-rename.c,377,1,4.0
base,git/diffcore-rename.c,742,filename,git/diffcore-rename.c,734,1,4.0
slash_pos,git/dir.c,852,buffer->buf,git/dir.c,850,1,4.0
slash_ptr,git/dir.c,1409,parent_pathname.buf,git/dir.c,1374,1,4.0
cp,git/dir.c,1518,base+current+1,git/dir.c,1469,1,4.0
__xpg_basename,git/dir.c,1631,pathname,git/dir.c,1627,1,4.0
slash,git/dir.c,3092,name,git/dir.c,3090,1,4.0
slash,git/dir.c,3092,dirs,git/dir.c,3099,1,4.0
eos,git/dir.c,3339,data,git/dir.c,3338,1,4.0
eos,git/dir.c,3339,rd->data,git/dir.c,3335,1,4.0
eos,git/dir.c,3339,eos+1,git/dir.c,3339,1,4.0
rest,git/dir.c,3554,path,git/dir.c,3552,1,4.0
src,git/fmt-merge-msg.c,109,line,git/fmt-merge-msg.c,105,1,4.0
name,git/fmt-merge-msg.c,237,buffer,git/fmt-merge-msg.c,235,1,4.0
tag_body,git/fmt-merge-msg.c,495,buf,git/fmt-merge-msg.c,492,1,4.0
newline,git/fmt-merge-msg.c,582,p,git/fmt-merge-msg.c,581,1,4.0
newline,git/fmt-merge-msg.c,582,in->buf+pos,git/fmt-merge-msg.c,572,1,4.0
newline,git/fmt-merge-msg.c,659,p,git/fmt-merge-msg.c,659,1,4.0
newline,git/fmt-merge-msg.c,659,in->buf+pos,git/fmt-merge-msg.c,630,1,4.0
backslash,git/fsck.c,593,name,git/fsck.c,593,1,4.0
eol,git/fsck.c,894,buffer,git/fsck.c,888,1,4.0
eol,git/fsck.c,894,p+1,git/fsck.c,896,1,4.0
eol,git/fsck.c,894,eol+1,git/fsck.c,894,1,4.0
colon,git/help.c,275,path,git/help.c,275,1,4.0
colon,git/help.c,275,paths,git/help.c,275,1,4.0
tp,git/kwset.c,503,text,git/kwset.c,499,1,4.0
bra,git/mailinfo.c,34,line->buf,git/mailinfo.c,30,1,4.0
ket,git/mailinfo.c,34,bra,git/mailinfo.c,34,1,4.0
ket,git/mailinfo.c,34,line->buf,git/mailinfo.c,30,1,4.0
at,git/mailinfo.c,139,f.buf,git/mailinfo.c,141,1,4.0
ep,git/mailinfo.c,470,in,git/mailinfo.c,470,1,4.0
ep,git/mailinfo.c,470,it->buf,git/mailinfo.c,468,1,4.0
ep,git/mailinfo.c,470,cp+3,git/mailinfo.c,470,1,4.0
ep,git/mailinfo.c,1134,sp,git/mailinfo.c,1132,1,4.0
ep,git/mailinfo.c,1134,data->buf,git/mailinfo.c,1130,1,4.0
left,git/mailmap.c,123,buffer,git/mailmap.c,120,1,4.0
right,git/mailmap.c,123,left+1,git/mailmap.c,123,1,4.0
p,git/mem-pool.c,110,str,git/mem-pool.c,108,1,4.0
end_of_old,git/merge-recursive.c,1947,old_path,git/merge-recursive.c,1944,1,4.0
end_of_new,git/merge-recursive.c,1947,new_path,git/merge-recursive.c,1944,1,4.0
end_of_old,git/merge-recursive.c,1947,#NAME?,git/merge-recursive.c,1947,1,4.0
end_of_new,git/merge-recursive.c,1947,#NAME?,git/merge-recursive.c,1947,1,4.0
end,git/merge-recursive.c,2349,temp,git/merge-recursive.c,2348,1,4.0
slash,git/name-hash.c,396,name,git/name-hash.c,396,1,4.0
slash,git/name-hash.c,396,ce_k->name+prefix->len,git/name-hash.c,388,1,4.0
msg,git/notes-merge.c,680,buffer,git/notes-merge.c,679,1,4.0
s,git/object-file.c,1874,filename,git/object-file.c,1872,1,4.0
p,git/object-name.c,1258,buf,git/object-name.c,1258,1,4.0
target,git/object-name.c,1294,match,git/object-name.c,1294,1,4.0
brace,git/object-name.c,1322,name,git/object-name.c,1316,1,4.0
dots,git/object-name.c,1357,name,git/object-name.c,1351,1,4.0
next,git/object-name.c,1397,name+len+1,git/object-name.c,1395,1,4.0
at,git/object-name.c,1514,start,git/object-name.c,1515,1,4.0
at,git/object-name.c,1514,name,git/object-name.c,1510,1,4.0
dot,git/packfile.c,779,path,git/packfile.c,771,1,4.0
cp,git/pager.c,83,argv[i],git/pager.c,73,1,4.0
at,git/pretty.c,721,mail,git/pretty.c,699,1,4.0
at,git/pretty.c,721,s.mail_begin,git/pretty.c,698,1,4.0
end,git/pretty.c,974,begin,git/pretty.c,973,1,4.0
end,git/pretty.c,974,placeholder+2,git/pretty.c,966,1,4.0
end,git/pretty.c,1050,start,git/pretty.c,1049,1,4.0
end,git/pretty.c,1050,end+1,git/pretty.c,1050,1,4.0
end,git/pretty.c,1285,start,git/pretty.c,1284,1,4.0
end,git/pretty.c,1285,placeholder+2,git/pretty.c,1246,1,4.0
start,git/pretty.c,1583,sb->buf,git/pretty.c,1576,1,4.0
tab,git/pretty.c,1945,line,git/pretty.c,1943,1,4.0
eol,git/range-diff.c,80,contents.buf,git/range-diff.c,37,1,4.0
arg,git/ref-filter.c,638,sp,git/ref-filter.c,637,1,4.0
ep,git/ref-filter.c,969,sp,git/ref-filter.c,964,1,4.0
eol,git/ref-filter.c,1104,buf,git/ref-filter.c,1102,1,4.0
email,git/ref-filter.c,1138,buf,git/ref-filter.c,1136,1,4.0
eoemail,git/ref-filter.c,1139,email,git/ref-filter.c,1138,1,4.0
eoemail,git/ref-filter.c,1139,buf,git/ref-filter.c,1136,1,4.0
eoemail,git/ref-filter.c,1186,buf,git/ref-filter.c,1184,1,4.0
formatp,git/ref-filter.c,1191,atomname,git/ref-filter.c,1184,1,4.0
eol,git/ref-filter.c,1290,*sub,git/ref-filter.c,1283,1,4.0
eol,git/ref-filter.c,1290,buf,git/ref-filter.c,1282,1,4.0
buf,git/ref-filter.c,1282,*sub,git/ref-filter.c,1283,1,4.0
*body,git/ref-filter.c,1284,*sub,git/ref-filter.c,1283,1,4.0
eol,git/ref-filter.c,1342,sp,git/ref-filter.c,1342,1,4.0
eol,git/ref-filter.c,1342,buf,git/ref-filter.c,1339,1,4.0
p,git/ref-filter.c,1535,start,git/ref-filter.c,1515,1,4.0
ep,git/ref-filter.c,2468,sp,git/ref-filter.c,2468,1,4.0
at,git/reflog-walk.c,126,name,git/reflog-walk.c,120,1,4.0
slash,git/refs.c,2211,refname,git/refs.c,2206,1,4.0
slash,git/refs.c,2211,slash+1,git/refs.c,2211,1,4.0
eol,git/refs/packed-backend.c,259,p,git/refs/packed-backend.c,257,1,4.0
eol,git/refs/packed-backend.c,325,pos,git/refs/packed-backend.c,325,1,4.0
eol,git/refs/packed-backend.c,325,snapshot->start,git/refs/packed-backend.c,320,1,4.0
peeled_start,git/refs/packed-backend.c,357,pos,git/refs/packed-backend.c,325,1,4.0
peeled_start,git/refs/packed-backend.c,357,snapshot->start,git/refs/packed-backend.c,320,1,4.0
eol,git/refs/packed-backend.c,325,peeled_start,git/refs/packed-backend.c,357,1,4.0
pos,git/refs/packed-backend.c,325,peeled_start,git/refs/packed-backend.c,357,1,4.0
eol,git/refs/packed-backend.c,631,snapshot->buf,git/refs/packed-backend.c,619,1,4.0
eol,git/refs/packed-backend.c,791,p,git/refs/packed-backend.c,791,1,4.0
eol,git/refs/packed-backend.c,791,iter->pos,git/refs/packed-backend.c,789,1,4.0
slash,git/refs/ref-cache.c,186,refname,git/refs/ref-cache.c,184,1,4.0
slash,git/refs/ref-cache.c,186,slash+1,git/refs/ref-cache.c,186,1,4.0
rhs,git/refspec.c,27,refspec,git/refspec.c,23,1,4.0
glob,git/refspec.c,282,prefix,git/refspec.c,267,1,4.0
glob,git/refspec.c,282,item->src,git/refspec.c,266,1,4.0
frag,git/remote.c,259,buf.buf,git/remote.c,260,1,4.0
kstar,git/remote.c,660,key,git/remote.c,657,1,4.0
vstar,git/remote.c,674,value,git/remote.c,658,1,4.0
dotdot,git/revision.c,1998,arg,git/revision.c,1993,1,4.0
mark,git/revision.c,2021,arg,git/revision.c,2025,1,4.0
mark,git/revision.c,2021,arg_,git/revision.c,2018,1,4.0
person,git/revision.c,3684,buf->buf,git/revision.c,3682,1,4.0
endp,git/revision.c,3684,person,git/revision.c,3684,1,4.0
endp,git/revision.c,3684,buf->buf,git/revision.c,3682,1,4.0
equals,git/run-command.c,455,*p,git/run-command.c,450,1,4.0
equals,git/run-command.c,469,*p,git/run-command.c,450,1,4.0
equals,git/run-command.c,596,*e,git/run-command.c,589,1,4.0
p,git/send-pack.c,172,head,git/send-pack.c,170,1,4.0
p,git/send-pack.c,172,reader->line,git/send-pack.c,158,1,4.0
key,git/send-pack.c,185,head,git/send-pack.c,170,1,4.0
key,git/send-pack.c,185,reader->line,git/send-pack.c,158,1,4.0
p,git/send-pack.c,172,key,git/send-pack.c,185,1,4.0
val,git/send-pack.c,185,key,git/send-pack.c,185,1,4.0
refname,git/send-pack.c,171,key,git/send-pack.c,185,1,4.0
p,git/send-pack.c,172,refname,git/send-pack.c,171,1,4.0
nl,git/send-pack.c,330,line,git/send-pack.c,328,1,4.0
tmp,git/sequencer.c,216,opts->default_strategy,git/sequencer.c,173,1,4.0
eol,git/sequencer.c,320,p,git/sequencer.c,318,1,4.0
eol,git/sequencer.c,320,buf.buf,git/sequencer.c,313,1,4.0
eol,git/sequencer.c,723,message,git/sequencer.c,720,1,4.0
nl,git/sequencer.c,1042,sb->buf+i,git/sequencer.c,1039,1,4.0
nl,git/sequencer.c,1117,msg->buf,git/sequencer.c,1112,1,4.0
n,git/sequencer.c,1758,s,git/sequencer.c,1755,1,4.0
n,git/sequencer.c,1758,str,git/sequencer.c,1753,1,4.0
eol,git/sequencer.c,2605,buf.buf,git/sequencer.c,2604,1,4.0
p2,git/sequencer.c,5155,0,git/sequencer.c,5155,1,4.0
slash,git/setup.c,733,path,git/setup.c,727,1,4.0
brk,git/sideband.c,125,b,git/sideband.c,125,1,4.0
brk,git/sideband.c,125,buf+1,git/sideband.c,119,1,4.0
end,git/strbuf.c,176,str,git/strbuf.c,166,1,4.0
next,git/strbuf.c,346,buf,git/strbuf.c,342,1,4.0
nl,git/tag.c,141,bufptr,git/tag.c,139,1,4.0
nl,git/tag.c,141,data,git/tag.c,135,1,4.0
nl,git/tag.c,141,nl+1,git/tag.c,141,1,4.0
ptr,git/trailer.c,114,sb->buf,git/trailer.c,112,1,4.0
variable_name,git/trailer.c,483,trailer_item,git/trailer.c,483,1,4.0
variable_name,git/trailer.c,514,trailer_item,git/trailer.c,514,1,4.0
tail,git/trailer.c,1020,file,git/trailer.c,1016,1,4.0
colon,git/transport-helper.c,97,url,git/transport-helper.c,94,1,4.0
p,git/transport-helper.c,752,key,git/transport-helper.c,751,1,4.0
p,git/transport-helper.c,752,buf->buf+7,git/transport-helper.c,742,1,4.0
val,git/transport-helper.c,751,key,git/transport-helper.c,751,1,4.0
val,git/transport-helper.c,751,buf->buf+7,git/transport-helper.c,742,1,4.0
msg,git/transport-helper.c,746,refname,git/transport-helper.c,746,1,4.0
msg,git/transport-helper.c,746,buf->buf+6,git/transport-helper.c,742,1,4.0
eov,git/transport-helper.c,1213,buf.buf,git/transport-helper.c,1196,1,4.0
eon,git/transport-helper.c,1213,eov+1,git/transport-helper.c,1213,1,4.0
anon_part,git/transport.c,1497,url,git/transport.c,1495,1,4.0
scheme_prefix,git/transport.c,1497,url,git/transport.c,1495,1,4.0
cp,git/transport.c,1511,scheme_prefix+3,git/transport.c,1497,1,4.0
first_slash,git/tree-walk.c,671,namebuf.buf,git/tree-walk.c,661,1,4.0
ce_slash,git/unpack-trees.c,1177,ce_name,git/unpack-trees.c,1177,1,4.0
slash,git/unpack-trees.c,1536,name,git/unpack-trees.c,1536,1,4.0
slash,git/unpack-trees.c,1536,ce->name+prefix->len,git/unpack-trees.c,1522,1,4.0
colon,git/url.c,78,url,git/url.c,75,1,4.0
next,git/urlmatch.c,68,s,git/urlmatch.c,66,1,4.0
at_ptr,git/urlmatch.c,151,url,git/urlmatch.c,109,1,4.0
dot,git/urlmatch.c,557,key,git/urlmatch.c,557,1,4.0
slash,git/worktree.c,510,worktree_ref,git/worktree.c,495,1,4.0
p,git/wrapper.c,104,str,git/wrapper.c,102,1,4.0
eol,git/wt-status.c,54,line,git/wt-status.c,54,1,4.0
eol,git/wt-status.c,54,eol+1,git/wt-status.c,54,1,4.0
p,git/wt-status.c,1059,s,git/wt-status.c,1057,1,4.0
ep,git/wt-status.c,1145,cp,git/wt-status.c,1145,1,4.0
ep,git/wt-status.c,1145,sb.buf,git/wt-status.c,1144,1,4.0
target,git/wt-status.c,1599,message,git/wt-status.c,1596,1,4.0
ep,git/xdiff-interface.c,37,s,git/xdiff-interface.c,34,1,4.0
ep,git/xdiff-interface.c,258,value,git/xdiff-interface.c,245,1,4.0
dir_marker,git/merge-ort.c,1287,dir,git/merge-ort.c,1287,1,4.0
end,git/merge-ort.c,2127,temp,git/merge-ort.c,2126,1,4.0
last_slash,git/merge-ort.c,2299,cur_path,git/merge-ort.c,2287,1,4.0
last_slash,git/merge-ort.c,2299,new_path,git/merge-ort.c,2256,1,4.0
str,git/git-compat-util.h,530,prefix,git/git-compat-util.h,530,1,1.0
dst,git/git-compat-util.h,920,src,git/git-compat-util.h,920,1,1.0
src,git/builtin/add.c,170,dst,git/builtin/add.c,170,1,1.0
sha1,git/hash.h,224,sha2,git/hash.h,224,1,1.0
name,git/builtin/check-mailmap.c,20,mail,git/builtin/check-mailmap.c,20,1,1.0
ret,git/builtin/check-ref-format.c,23,cp,git/builtin/check-ref-format.c,26,1,1.0
choice_list,git/builtin/clean.c,448,ptr,git/builtin/clean.c,448,1,1.0
repo,git/builtin/clone.c,220,start,git/builtin/clone.c,222,1,1.0
start,git/builtin/clone.c,222,ptr,git/builtin/clone.c,222,1,1.0
end,git/builtin/clone.c,222,ptr,git/builtin/clone.c,222,1,1.0
dir,git/builtin/clone.c,224,out,git/builtin/clone.c,304,1,1.0
dir,git/builtin/clone.c,224,end,git/builtin/clone.c,222,1,1.0
head,git/builtin/clone.c,578,local_refs,git/builtin/clone.c,579,1,1.0
dir,git/builtin/clone.c,975,work_tree,git/builtin/clone.c,974,1,1.0
ref,git/builtin/clone.c,981,refs,git/builtin/clone.c,977,1,1.0
g,git/commit-graph.c,310,data,git/commit-graph.c,308,1,1.0
current,git/commit.c,593,list,git/commit.c,591,1,1.0
current,git/commit.c,593,backup,git/commit.c,593,1,1.0
tail,git/commit.c,386,buffer,git/commit.c,384,1,1.0
bufptr,git/commit.c,387,buffer,git/commit.c,384,1,1.0
gave_up_on,git/builtin/describe.c,304,c,git/builtin/describe.c,334,1,1.0
src_path,git/builtin/difftool.c,410,dst_path,git/builtin/difftool.c,410,1,1.0
lpath,git/builtin/difftool.c,337,src_path,git/builtin/difftool.c,410,1,1.0
rpath,git/builtin/difftool.c,338,dst_path,git/builtin/difftool.c,410,1,1.0
arg,git/builtin/fast-export.c,1160,value,git/builtin/fast-export.c,1163,1,1.0
changed,git/builtin/fast-export.c,427,data,git/builtin/fast-export.c,424,1,1.0
tagger,git/builtin/fast-export.c,775,tagger_end,git/builtin/fast-export.c,775,1,1.0
path,git/builtin/fast-export.c,200,end_of_component,git/builtin/fast-export.c,205,1,1.0
name_a,git/builtin/fast-export.c,345,name_b,git/builtin/fast-export.c,345,1,1.0
p,git/builtin/fast-import.c,2254,uq,git/builtin/fast-import.c,2256,1,1.0
src,git/hash.h,260,dst,git/hash.h,260,1,1.0
buf,git/builtin/fast-import.c,1242,c,git/builtin/fast-import.c,1243,1,1.0
ref_map,git/builtin/fetch.c,502,orefs,git/builtin/fetch.c,506,1,1.0
path,git/builtin/add.c,618,dtype,git/builtin/add.c,638,0,
str,git/git-compat-util.h,530,prefix,git/git-compat-util.h,530,0,
prefix,git/git-compat-util.h,530,str,git/git-compat-util.h,530,0,
p,git/builtin/bisect--helper.c,934,word_end,git/builtin/bisect--helper.c,935,0,
now,git/builtin/bugreport.c,127,prefixed_filename,git/builtin/bugreport.c,132,0,
buf,git/builtin/cat-file.c,70,size,git/builtin/cat-file.c,71,0,
buf,git/builtin/cat-file.c,70,type,git/builtin/cat-file.c,69,0,
size,git/builtin/cat-file.c,71,type,git/builtin/cat-file.c,69,0,
contents,git/builtin/cat-file.c,310,size,git/builtin/cat-file.c,311,0,
contents,git/builtin/cat-file.c,310,type,git/builtin/cat-file.c,341,0,
type,git/builtin/cat-file.c,341,size,git/builtin/cat-file.c,342,0,
buf,git/builtin/cat-file.c,35,type,git/builtin/cat-file.c,37,0,
buf,git/builtin/cat-file.c,35,size,git/builtin/cat-file.c,35,0,
type,git/builtin/cat-file.c,37,size,git/builtin/cat-file.c,35,0,
refname,git/builtin/check-ref-format.c,21,cp,git/builtin/check-ref-format.c,26,0,
prefix,git/builtin/checkout-index.c,174,pc_workers,git/builtin/checkout-index.c,184,0,
prefix,git/builtin/checkout-index.c,174,pc_threshold,git/builtin/checkout-index.c,184,0,
prefix,git/builtin/clean.c,885,gone,git/builtin/clean.c,889,0,
dir_gone,git/builtin/clean.c,152,gone,git/builtin/clean.c,157,0,
